{
  "type": "FeatureCollection",
  "features": [
    {
      "type": "Feature",
      "properties": {
        "id": "93d9252c-0a93-408b-a922-c340cc8e2e23",
        "info_type": "info",
        "icon": "hinan-camp-marker.png",
        "icon_url": "https://raw.githubusercontent.com/th-nguyen/cerdar-asset/main/images/hinan-camp-marker.png",
        "name": "広島国際大学体育館",
        "description": "避難所",
        "group": "横路小学校区AR防災まち歩き"
      },
      "geometry": {
        "type": "Point",
        "coordinates": [
          132.6170747561503,
          34.23675589262061
        ]
      }
    },
    {
      "type": "Feature",
      "properties": {
        "id": "101ecb52-052b-485a-a1b4-383e286e955f",
        "info_type": "info",
        "icon": "hinan-camp-marker.png",
        "icon_url": "https://raw.githubusercontent.com/th-nguyen/cerdar-asset/main/images/hinan-camp-marker.png",
        "name": "呉商業高校体育館",
        "description": "避難所",
        "group": "横路小学校区AR防災まち歩き"
      },
      "geometry": {
        "type": "Point",
        "coordinates": [
          132.61317663963507,
          34.23804113365621
        ]
      }
    },
    {
      "type": "Feature",
      "properties": {
        "id": "eee85999-6ef3-4f68-bd5c-f7f40dfdb2b4",
        "info_type": "info",
        "icon": "hinan-camp-marker.png",
        "icon_url": "https://raw.githubusercontent.com/th-nguyen/cerdar-asset/main/images/hinan-camp-marker.png",
        "name": "広市民センター",
        "description": "避難所",
        "group": "横路小学校区AR防災まち歩き"
      },
      "geometry": {
        "type": "Point",
        "coordinates": [
          132.61532467200695,
          34.232537703903866
        ]
      }
    },
    {
      "type": "Feature",
      "properties": {
        "id": "a30d7854-3f6f-400a-b39a-5288253c0beb",
        "info_type": "info",
        "icon": "shoubo-marker.png",
        "icon_url": "https://raw.githubusercontent.com/th-nguyen/cerdar-asset/main/images/shoubo-marker.png",
        "name": "東消防署",
        "description": "消防署",
        "group": "横路小学校区AR防災まち歩き"
      },
      "geometry": {
        "type": "Point",
        "coordinates": [
          132.6142764515397,
          34.233030770138136
        ]
      }
    },
    {
      "type": "Feature",
      "properties": {
        "id": "fd3c8cfa-1bed-4ec7-b79b-3e5c4b30b2d4",
        "info_type": "info",
        "icon": "hinan-bldg-marker.png",
        "icon_url": "https://raw.githubusercontent.com/th-nguyen/cerdar-asset/main/images/hinan-bldg-marker.png",
        "name": "横路小学校",
        "description": "一時避難施設",
        "group": "横路小学校区AR防災まち歩き"
      },
      "geometry": {
        "type": "Point",
        "coordinates": [
          132.61442933224134,
          34.242581964192404
        ]
      }
    },
    {
      "type": "Feature",
      "properties": {
        "id": "bd0a7215-ea70-480b-9df4-f439439a5e7b",
        "info_type": "info",
        "icon": "hinan-bldg-marker.png",
        "icon_url": "https://raw.githubusercontent.com/th-nguyen/cerdar-asset/main/images/hinan-bldg-marker.png",
        "name": "横路中学校",
        "description": "一時避難施設",
        "group": "横路小学校区AR防災まち歩き"
      },
      "geometry": {
        "type": "Point",
        "coordinates": [
          132.61520203334413,
          34.24329621061176
        ]
      }
    },
    {
      "type": "Feature",
      "properties": {
        "id": "c6490b61-69a8-4cec-b501-febfdb8dcd29",
        "info_type": "info",
        "icon": "hinan-camp-marker.png",
        "icon_url": "https://raw.githubusercontent.com/th-nguyen/cerdar-asset/main/images/hinan-camp-marker.png",
        "name": "教法寺",
        "description": "避難所",
        "group": "横路小学校区AR防災まち歩き"
      },
      "geometry": {
        "type": "Point",
        "coordinates": [
          132.62086532111303,
          34.23803823636646
        ]
      }
    },
    {
      "type": "Feature",
      "properties": {
        "id": "cd357a5f-0e94-42ac-8e4f-92eb3eae7a9c",
        "info_type": "info",
        "icon": "keisatu-marker.png",
        "icon_url": "https://raw.githubusercontent.com/th-nguyen/cerdar-asset/main/images/keisatu-marker.png",
        "name": "広警察署・中新開交番",
        "description": "警察署・交番",
        "group": "横路小学校区AR防災まち歩き"
      },
      "geometry": {
        "type": "Point",
        "coordinates": [
          132.62244984520933,
          34.239189660478104
        ]
      }
    },
    {
      "type": "Feature",
      "properties": {
        "id": "1ff7d9a7-c530-4837-80e8-bcd9b0a9c827",
        "info_type": "info",
        "icon": "bouka-marker.png",
        "icon_url": "https://raw.githubusercontent.com/th-nguyen/cerdar-asset/main/images/bouka-marker.png",
        "name": "防火水槽",
        "description": "防火水槽",
        "group": "横路小学校区AR防災まち歩き"
      },
      "geometry": {
        "type": "Point",
        "coordinates": [
          132.61300446432986,
          34.2431664881048
        ]
      }
    },
    {
      "type": "Feature",
      "properties": {
        "id": "a8171871-444f-441d-9332-d82a4454ae65",
        "info_type": "info",
        "icon": "aed-marker.png",
        "icon_url": "https://raw.githubusercontent.com/th-nguyen/cerdar-asset/main/images/aed-marker.png",
        "name": "AED",
        "description": "AED",
        "group": "横路小学校区AR防災まち歩き"
      },
      "geometry": {
        "type": "Point",
        "coordinates": [
          132.6146496119787,
          34.24245010772423
        ]
      }
    },
    {
      "type": "Feature",
      "properties": {
        "id": "474872d7-362d-4e1f-bf91-0af1968663e1",
        "info_type": "info",
        "icon": "aed-marker.png",
        "icon_url": "https://raw.githubusercontent.com/th-nguyen/cerdar-asset/main/images/aed-marker.png",
        "name": "AED",
        "description": "AED",
        "group": "横路小学校区AR防災まち歩き"
      },
      "geometry": {
        "type": "Point",
        "coordinates": [
          132.61652407226566,
          34.24282693986016
        ]
      }
    },
    {
      "type": "Feature",
      "properties": {
        "id": "c7f7b5c3-4914-4831-a581-57cfa2c43d51",
        "info_type": "info",
        "icon": "icon_infoTag.png",
        "icon_url": "https://raw.githubusercontent.com/th-nguyen/cerdar-asset/main/images/icon_infoTag.png",
        "name": "公衆電話",
        "description": "",
        "pic_type": "photo",
        "photo": "https://www.musubou.net/musubou-ar/pics/koushudenwa.jpg"
      },
      "geometry": {
        "type": "Point",
        "coordinates": [
          136.94251477718353,
          35.125542343516045
        ]
      }
    },
    {
      "type": "Feature",
      "properties": {
        "id": "9ef6f33d-56c6-44d7-9c42-083ce6076902",
        "info_type": "info",
        "icon": "aed-marker.png",
        "icon_url": "https://raw.githubusercontent.com/th-nguyen/cerdar-asset/main/images/aed-marker.png",
        "name": "AED",
        "description": "AED"
      },
      "geometry": {
        "type": "Point",
        "coordinates": [
          135.54920375347137,
          34.99854764367797
        ]
      }
    },
    {
      "type": "Feature",
      "properties": {
        "id": "c96fbc22-eaa9-4334-8895-ed8d6bc59a3d",
        "info_type": "info",
        "icon": "aed-marker.png",
        "icon_url": "https://raw.githubusercontent.com/th-nguyen/cerdar-asset/main/images/aed-marker.png",
        "name": "AED",
        "description": "AED"
      },
      "geometry": {
        "type": "Point",
        "coordinates": [
          135.54878532886505,
          34.99797637592543
        ]
      }
    },
    {
      "type": "Feature",
      "properties": {
        "id": "a6e8e213-be34-40de-b8c6-f316bee64dbd",
        "info_type": "info",
        "icon": "hinan-camp-marker.png",
        "icon_url": "https://raw.githubusercontent.com/th-nguyen/cerdar-asset/main/images/hinan-camp-marker.png",
        "name": "しゅうようひなんじょ",
        "description": "収容避難所"
      },
      "geometry": {
        "type": "Point",
        "coordinates": [
          135.54887652397156,
          34.99790167138602
        ]
      }
    },
    {
      "type": "Feature",
      "properties": {
        "id": "86709c67-d321-498e-b461-cce97e869a46",
        "info_type": "info",
        "icon": "hinan-camp-marker.png",
        "icon_url": "https://raw.githubusercontent.com/th-nguyen/cerdar-asset/main/images/hinan-camp-marker.png",
        "name": "しゅうようひなんじょ",
        "description": "収容避難所"
      },
      "geometry": {
        "type": "Point",
        "coordinates": [
          135.54928958415982,
          34.99854324932587
        ]
      }
    },
    {
      "type": "Feature",
      "properties": {
        "id": "a480a1e5-0446-470c-94cd-418863c43c01",
        "info_type": "info",
        "icon": "bouka-marker.png",
        "icon_url": "https://raw.githubusercontent.com/th-nguyen/cerdar-asset/main/images/bouka-marker.png",
        "name": "ぼうかすいそう",
        "description": "防火水槽"
      },
      "geometry": {
        "type": "Point",
        "coordinates": [
          135.54835081100464,
          34.99772150133392
        ]
      }
    },
    {
      "type": "Feature",
      "properties": {
        "id": "6e792ac1-0f9c-48f1-9278-4d7c68a00499",
        "info_type": "info",
        "icon": "bouka-marker.png",
        "icon_url": "https://raw.githubusercontent.com/th-nguyen/cerdar-asset/main/images/bouka-marker.png",
        "name": "ぼうかすいそう",
        "description": "防火水槽"
      },
      "geometry": {
        "type": "Point",
        "coordinates": [
          135.5516391992569,
          34.99812578479968
        ]
      }
    },
    {
      "type": "Feature",
      "properties": {
        "id": "ab8dd4f0-ca25-43de-8279-8e548254c970",
        "info_type": "info",
        "icon": "bouka-marker.png",
        "icon_url": "https://raw.githubusercontent.com/th-nguyen/cerdar-asset/main/images/bouka-marker.png",
        "name": "しょうかせん",
        "description": "消火栓"
      },
      "geometry": {
        "type": "Point",
        "coordinates": [
          135.54939687252045,
          34.998407024293506
        ]
      }
    },
    {
      "type": "Feature",
      "properties": {
        "id": "e140cd1e-5274-4b48-b38d-8438e932d7e7",
        "info_type": "info",
        "icon": "bouka-marker.png",
        "icon_url": "https://raw.githubusercontent.com/th-nguyen/cerdar-asset/main/images/bouka-marker.png",
        "name": "しょうかせん",
        "description": "消火栓"
      },
      "geometry": {
        "type": "Point",
        "coordinates": [
          135.55022835731506,
          34.99849051708218
        ]
      }
    },
    {
      "type": "Feature",
      "properties": {
        "id": "1ad0639e-53ac-47a2-9746-05aad25b0f65",
        "info_type": "info",
        "icon": "bouka-marker.png",
        "icon_url": "https://raw.githubusercontent.com/th-nguyen/cerdar-asset/main/images/bouka-marker.png",
        "name": "消火栓",
        "description": "しょうかせん"
      },
      "geometry": {
        "type": "Point",
        "coordinates": [
          135.5507755279541,
          34.99852567191508
        ]
      }
    },
    {
      "type": "Feature",
      "properties": {
        "id": "bde0bcdc-6072-40bd-8d4d-8055f557fa2c",
        "info_type": "info",
        "icon": "bouka-marker.png",
        "icon_url": "https://raw.githubusercontent.com/th-nguyen/cerdar-asset/main/images/bouka-marker.png",
        "name": "しょうかせん",
        "description": "消火栓"
      },
      "geometry": {
        "type": "Point",
        "coordinates": [
          135.55080771446228,
          34.99939135491025
        ]
      }
    },
    {
      "type": "Feature",
      "properties": {
        "id": "2bb6abea-cf45-4d7e-bf28-c0f5924dd6b4",
        "info_type": "info",
        "icon": "bouka-marker.png",
        "icon_url": "https://raw.githubusercontent.com/th-nguyen/cerdar-asset/main/images/bouka-marker.png",
        "name": "しょうかせん",
        "description": "消火栓"
      },
      "geometry": {
        "type": "Point",
        "coordinates": [
          135.55033028125763,
          34.99927710285677
        ]
      }
    },
    {
      "type": "Feature",
      "properties": {
        "id": "d1700b10-1872-433c-a218-b2cbc917e74b",
        "info_type": "info",
        "icon": "bouka-marker.png",
        "icon_url": "https://raw.githubusercontent.com/th-nguyen/cerdar-asset/main/images/bouka-marker.png",
        "name": "しょうかせん",
        "description": "消火栓"
      },
      "geometry": {
        "type": "Point",
        "coordinates": [
          135.54939687252045,
          34.99930346872944
        ]
      }
    },
    {
      "type": "Feature",
      "properties": {
        "id": "6fdfba84-7a12-48ba-b638-2b4ba375a694",
        "info_type": "info",
        "icon": "bouka-marker.png",
        "icon_url": "https://raw.githubusercontent.com/th-nguyen/cerdar-asset/main/images/bouka-marker.png",
        "name": "しょうかせん",
        "description": "消火栓"
      },
      "geometry": {
        "type": "Point",
        "coordinates": [
          135.55243313312528,
          34.99931665166258
        ]
      }
    },
    {
      "type": "Feature",
      "properties": {
        "id": "7bc9dce5-b616-449e-9f48-73a87904e957",
        "info_type": "info",
        "icon": "hinan-bldg-marker.png",
        "icon_url": "https://raw.githubusercontent.com/th-nguyen/cerdar-asset/main/images/hinan-bldg-marker.png",
        "name": "宮浦中学校",
        "description": ""
      },
      "geometry": {
        "type": "Point",
        "coordinates": [
          139.0605854988098,
          37.920020827098625
        ]
      }
    },
    {
      "type": "Feature",
      "properties": {
        "id": "77bd5313-115e-49a0-88f8-88100142bd8a",
        "info_type": "info",
        "icon": "hinan-bldg-marker.png",
        "icon_url": "https://raw.githubusercontent.com/th-nguyen/cerdar-asset/main/images/hinan-bldg-marker.png",
        "name": "万代市民会館",
        "description": ""
      },
      "geometry": {
        "type": "Point",
        "coordinates": [
          139.06201779842377,
          37.91668184125349
        ]
      }
    },
    {
      "type": "Feature",
      "properties": {
        "id": "15bbe93a-3736-4fb0-80d9-f972589a0b25",
        "info_type": "info",
        "icon": "hinan-bldg-marker.png",
        "icon_url": "https://raw.githubusercontent.com/th-nguyen/cerdar-asset/main/images/hinan-bldg-marker.png",
        "name": "ＡＮＡクラウンプラザホテル新潟",
        "description": ""
      },
      "geometry": {
        "type": "Point",
        "coordinates": [
          139.05932486057281,
          37.91807416176103
        ]
      }
    },
    {
      "type": "Feature",
      "properties": {
        "id": "7e3bd9c0-e8d1-4e69-a402-ffcc0b89b664",
        "info_type": "info",
        "icon": "hinan-bldg-marker.png",
        "icon_url": "https://raw.githubusercontent.com/th-nguyen/cerdar-asset/main/images/hinan-bldg-marker.png",
        "name": "中央図書館",
        "description": ""
      },
      "geometry": {
        "type": "Point",
        "coordinates": [
          139.06761825084686,
          37.916432151810135
        ]
      }
    },
    {
      "type": "Feature",
      "properties": {
        "id": "513bce7f-8f7a-45e7-a4ca-1a27da590012",
        "info_type": "info",
        "icon": "hinan-bldg-marker.png",
        "icon_url": "https://raw.githubusercontent.com/th-nguyen/cerdar-asset/main/images/hinan-bldg-marker.png",
        "name": "明石住宅",
        "description": ""
      },
      "geometry": {
        "type": "Point",
        "coordinates": [
          139.0685784816742,
          37.91782447704407
        ]
      }
    },
    {
      "type": "Feature",
      "properties": {
        "id": "166c9bb8-a0b8-4edd-b732-8fac17fda71e",
        "info_type": "info",
        "icon": "hinan-bldg-marker.png",
        "icon_url": "https://raw.githubusercontent.com/th-nguyen/cerdar-asset/main/images/hinan-bldg-marker.png",
        "name": "アトール長嶺町",
        "description": ""
      },
      "geometry": {
        "type": "Point",
        "coordinates": [
          139.07008588314056,
          37.91552649146239
        ]
      }
    },
    {
      "type": "Feature",
      "properties": {
        "id": "4b4c7bd9-3c34-4b6d-b52d-5d8cacfa4243",
        "info_type": "info",
        "icon": "hinan-bldg-marker.png",
        "icon_url": "https://raw.githubusercontent.com/th-nguyen/cerdar-asset/main/images/hinan-bldg-marker.png",
        "name": "スーパーホテル新潟",
        "description": ""
      },
      "geometry": {
        "type": "Point",
        "coordinates": [
          139.06590700149536,
          37.9168172656818
        ]
      }
    },
    {
      "type": "Feature",
      "properties": {
        "id": "457dd4d0-a738-4f21-9797-83b3375a48f7",
        "info_type": "info",
        "icon": "hinan-bldg-marker.png",
        "icon_url": "https://raw.githubusercontent.com/th-nguyen/cerdar-asset/main/images/hinan-bldg-marker.png",
        "name": "ドーミーイン新潟",
        "description": ""
      },
      "geometry": {
        "type": "Point",
        "coordinates": [
          139.06461417675015,
          37.916330582980486
        ]
      }
    },
    {
      "type": "Feature",
      "properties": {
        "id": "5136514e-4323-4666-a664-81148ee1d05b",
        "info_type": "info",
        "icon": "hinan-bldg-marker.png",
        "icon_url": "https://raw.githubusercontent.com/th-nguyen/cerdar-asset/main/images/hinan-bldg-marker.png",
        "name": "万代長嶺小学校",
        "description": ""
      },
      "geometry": {
        "type": "Point",
        "coordinates": [
          139.06453907489777,
          37.917096577777784
        ]
      }
    },
    {
      "type": "Feature",
      "properties": {
        "id": "17933380-05a0-4898-a639-62eb91b09867",
        "info_type": "info",
        "icon": "icon_infoTag.png",
        "icon_url": "https://raw.githubusercontent.com/th-nguyen/cerdar-asset/main/images/icon_infoTag.png",
        "name": "10",
        "description": "万代長嶺小学校は，地区の指定避難所で，地区避難のよりどころとなる施設です．非常時の備蓄品などが備えられています．津波避難ビルとしても指定されていて，津波の際には，校舎の３階以上に避難する必要があります．",
        "pic_type": "photo",
        "photo": "https://www.cerd.osaka-cu.ac.jp/cerdar_pics/NiigataCity/IMG_20230327_043049.jpg"
      },
      "geometry": {
        "type": "Point",
        "coordinates": [
          139.0641346929636,
          37.9170812529394
        ]
      }
    },
    {
      "type": "Feature",
      "properties": {
        "id": "a8ab0529-8fab-4d88-8922-2311cb650b0d",
        "info_type": "info",
        "icon": "icon_infoTag.png",
        "icon_url": "https://raw.githubusercontent.com/th-nguyen/cerdar-asset/main/images/icon_infoTag.png",
        "name": "11",
        "description": "万代長嶺小学校の向かいの集合住宅の駐車場地下には，地震災害時に必要な飲料水と防火用水の貯留施設があります．飲料水用に100m＾3を蓄えられるようになっています．近くには，水をくみ上げられる手押しポンプも設置されています．",
        "pic_type": "photo",
        "photo": "https://www.cerd.osaka-cu.ac.jp/cerdar_pics/NiigataCity/IMG_20230327_043247.jpg"
      },
      "geometry": {
        "type": "Point",
        "coordinates": [
          139.0637128327178,
          37.91755193354572
        ]
      }
    },
    {
      "type": "Feature",
      "properties": {
        "id": "0945c0cc-7b31-4446-b519-2c86c8e9357c",
        "info_type": "info",
        "icon": "icon_infoTag.png",
        "icon_url": "https://raw.githubusercontent.com/th-nguyen/cerdar-asset/main/images/icon_infoTag.png",
        "name": "電柱の地盤高表示",
        "description": "電柱の地盤高表示",
        "pic_type": "photo",
        "photo": "https://www.cerd.osaka-cu.ac.jp/cerdar_pics/NiigataCity/IMG_20230327_043438.jpg"
      },
      "geometry": {
        "type": "Point",
        "coordinates": [
          139.0629624253591,
          37.91840470885879
        ]
      }
    },
    {
      "type": "Feature",
      "properties": {
        "id": "1f800bc3-ad9c-4fe1-b7a5-171f1c5d858e",
        "info_type": "info",
        "icon": "icon_infoTag.png",
        "icon_url": "https://raw.githubusercontent.com/th-nguyen/cerdar-asset/main/images/icon_infoTag.png",
        "name": "1",
        "description": "神社境内には，神社やこの地域の由来が記された碑や説明版があり，このあたりが流作場(りゅうさくば)新田という信\n濃川河口の中州を新田開発された地域であること，幾度の川に氾濫に見舞われた地域であることを知ることができます．地域の生い立ちを知る場として大切な地点です．",
        "pic_type": "photo",
        "photo": "https://www.cerd.osaka-cu.ac.jp/cerdar_pics/NiigataCity/IMG_20230327_223957.jpg"
      },
      "geometry": {
        "type": "Point",
        "coordinates": [
          139.0609861345136,
          37.92088643035753
        ]
      }
    },
    {
      "type": "Feature",
      "properties": {
        "id": "612c3a03-e087-4e78-bf8c-9a42972f9d9f",
        "info_type": "info",
        "icon": "icon_infoTag.png",
        "icon_url": "https://raw.githubusercontent.com/th-nguyen/cerdar-asset/main/images/icon_infoTag.png",
        "name": "2",
        "description": "区の指定避難所，津波避難ビルとなっています．学校の敷地境界が生垣などで，比較的開放的な空間となっています．この場所の地盤標高，が示されているだけでなく，津波での避難可能な時間は「24時間」となっていて，あくまでも，一時的な避難場所であることが示されています．",
        "pic_type": "photo",
        "photo": "https://www.cerd.osaka-cu.ac.jp/cerdar_pics/NiigataCity/IMG_20230328_021106.jpg"
      },
      "geometry": {
        "type": "Point",
        "coordinates": [
          139.0609491675016,
          37.92056139815414
        ]
      }
    },
    {
      "type": "Feature",
      "properties": {
        "id": "12819848-f863-4e13-a0f4-aac663c891fe",
        "info_type": "info",
        "icon": "icon_infoTag.png",
        "icon_url": "https://raw.githubusercontent.com/th-nguyen/cerdar-asset/main/images/icon_infoTag.png",
        "name": "3",
        "description": "万代町には，古い町並みが残り，木造家屋の密集，細く屈曲した生活道路が確認できます．災害時の避難路の確保が難しく，火災発生時の延焼が起こりやすく，特に地震直後の火の始末は地区住民で徹底しておこなう必要があります．",
        "pic_type": "photo",
        "photo": "https://www.cerd.osaka-cu.ac.jp/cerdar_pics/NiigataCity/IMG_20230328_022130.jpg"
      },
      "geometry": {
        "type": "Point",
        "coordinates": [
          139.061586819955,
          37.91880560365447
        ]
      }
    },
    {
      "type": "Feature",
      "properties": {
        "id": "2df21a89-a41f-4f91-bede-22d23ac58c12",
        "info_type": "info",
        "icon": "icon_infoTag.png",
        "icon_url": "https://raw.githubusercontent.com/th-nguyen/cerdar-asset/main/images/icon_infoTag.png",
        "name": "4",
        "description": "万代市民会館も地震，洪水．津波の際の避難場所となります．この地点は海面よりも低い土地であることがわかります．水害時にはて建物の2階以上に避難する必要があります．",
        "pic_type": "photo",
        "photo": "https://www.cerd.osaka-cu.ac.jp/cerdar_pics/NiigataCity/IMG_20230328_023526.jpg"
      },
      "geometry": {
        "type": "Point",
        "coordinates": [
          139.0620015001968,
          37.91644234456493
        ]
      }
    },
    {
      "type": "Feature",
      "properties": {
        "id": "30c82ed9-de56-4490-ae62-b0eb65c967d5",
        "info_type": "info",
        "icon": "icon_infoTag.png",
        "icon_url": "https://raw.githubusercontent.com/th-nguyen/cerdar-asset/main/images/icon_infoTag.png",
        "name": "5",
        "description": "地区にあるコンビニエンス・ストアの出入り口にはサービスにかかわるいろいろな表示があります．この店には黄色に青のハートで示される，災害時帰宅支援ステーションの表示があります．徒歩帰宅者の支援のために「水道水」，「トイレ」，「道路情報などの情報」の提供を行ってくれます．コンビニエンスストアだけでなく，レストランなども行政と災害協力協定を結んでいます．",
        "pic_type": "photo",
        "photo": "https://www.cerd.osaka-cu.ac.jp/cerdar_pics/NiigataCity/IMG_20230328_023803.jpg"
      },
      "geometry": {
        "type": "Point",
        "coordinates": [
          139.0623193525706,
          37.91560047510423
        ]
      }
    },
    {
      "type": "Feature",
      "properties": {
        "id": "808f275e-62b6-4e5a-8887-23d732f80d17",
        "info_type": "info",
        "icon": "icon_infoTag.png",
        "icon_url": "https://raw.githubusercontent.com/th-nguyen/cerdar-asset/main/images/icon_infoTag.png",
        "name": "6",
        "description": "この地区は新潟駅に近いこともあり，立体駐車場がいくつか見受けられます．津波の際に，緊急の高所避難の際には．このような立体駐車場を高所避難場所としておくこともできます．地震の揺れで，駐車している車の乱れなどが危惧されます．避難場所としての位置づけはされていないので，災害備蓄品などはありません．",
        "pic_type": "photo",
        "photo": "https://www.cerd.osaka-cu.ac.jp/cerdar_pics/NiigataCity/IMG_20230328_024216.jpg"
      },
      "geometry": {
        "type": "Point",
        "coordinates": [
          139.0628840332281,
          37.91488883354912
        ]
      }
    },
    {
      "type": "Feature",
      "properties": {
        "id": "baf1c518-97cc-4360-92f4-f40876de3f39",
        "info_type": "info",
        "icon": "icon_infoTag.png",
        "icon_url": "https://raw.githubusercontent.com/th-nguyen/cerdar-asset/main/images/icon_infoTag.png",
        "name": "7",
        "description": "この地点には，地区の由来を説明した「新潟市街角歴史案内」があります．流作場新田の古地図などが示されています．新潟市で最も古くから開けた場所としての沼垂（渟足）の由来も示されています．",
        "pic_type": "photo",
        "photo": "https://www.cerd.osaka-cu.ac.jp/cerdar_pics/NiigataCity/IMG_20230328_024758.jpg"
      },
      "geometry": {
        "type": "Point",
        "coordinates": [
          139.0636739791242,
          37.91426200264947
        ]
      }
    },
    {
      "type": "Feature",
      "properties": {
        "id": "9b71d098-c7c4-4867-a7d5-cf4c8e0936a2",
        "info_type": "info",
        "icon": "icon_infoTag.png",
        "icon_url": "https://raw.githubusercontent.com/th-nguyen/cerdar-asset/main/images/icon_infoTag.png",
        "name": "8",
        "description": "東公園は地区の一時避難場所となる公園です．園内には自治会の各防災倉庫がおかれているほか，公営のプールもあり，非常用の雑用水の確保もできます．公衆電話も設置されています．この公園の地下には，雨水の一時貯留排水施設があり，集中豪雨の際に，地区の内水氾濫を緩和させる仕組みが備えられています．",
        "pic_type": "photo",
        "photo": "https://www.cerd.osaka-cu.ac.jp/cerdar_pics/NiigataCity/IMG_20230328_025442.jpg"
      },
      "geometry": {
        "type": "Point",
        "coordinates": [
          139.0664522108061,
          37.91546120074717
        ]
      }
    },
    {
      "type": "Feature",
      "properties": {
        "id": "f9bff3dd-3fe9-4bc8-9d3f-fa907b4a1676",
        "info_type": "info",
        "icon": "icon_infoTag.png",
        "icon_url": "https://raw.githubusercontent.com/th-nguyen/cerdar-asset/main/images/icon_infoTag.png",
        "name": "古信濃川サイン",
        "description": "古信濃川サイン",
        "pic_type": "photo",
        "photo": "https://www.cerd.osaka-cu.ac.jp/cerdar_pics/NiigataCity/IMG_20230328_030329.jpg"
      },
      "geometry": {
        "type": "Point",
        "coordinates": [
          139.0671906793888,
          37.91636549956593
        ]
      }
    },
    {
      "type": "Feature",
      "properties": {
        "id": "75418843-e80c-4fcf-b17d-ace508137761",
        "info_type": "info",
        "icon": "icon_infoTag.png",
        "icon_url": "https://raw.githubusercontent.com/th-nguyen/cerdar-asset/main/images/icon_infoTag.png",
        "name": "9",
        "description": "中央図書館の前の道路は古い信濃川の流路でした．これを説明した看板と碑が，図書館前の道路の向い側にあります．中央図書館の建物は津波避難ビルに指定されています．津波の際にはビルの3階以上に避難する必要があります．",
        "pic_type": "photo",
        "photo": "https://www.cerd.osaka-cu.ac.jp/cerdar_pics/NiigataCity/IMG_20230328_030822.jpg"
      },
      "geometry": {
        "type": "Point",
        "coordinates": [
          139.0671450135441,
          37.91680632560672
        ]
      }
    },
    {
      "type": "Feature",
      "properties": {
        "id": "471651f3-3ff7-4d3e-be27-d5511b9c682a",
        "info_type": "info",
        "icon": "icon_infoTag.png",
        "icon_url": "https://raw.githubusercontent.com/th-nguyen/cerdar-asset/main/images/icon_infoTag.png",
        "name": "12",
        "description": "バス通りの両側の歩道には，アーケードが設置されています．冬季の積雪の際には，役立つ施設です．しかし，アーケードの屋根には，釣り看板が所々設置されていて，地震時の強い揺れによって，落下する危険性をはらんでいます．",
        "pic_type": "photo",
        "photo": "https://www.cerd.osaka-cu.ac.jp/cerdar_pics/NiigataCity/IMG_20230328_032715.jpg"
      },
      "geometry": {
        "type": "Point",
        "coordinates": [
          139.063079913982,
          37.91826245520795
        ]
      }
    },
    {
      "type": "Feature",
      "properties": {
        "id": "40983261-6ef7-4cef-a8e0-7b0c90349920",
        "info_type": "info",
        "icon": "icon_infoTag.png",
        "icon_url": "https://raw.githubusercontent.com/th-nguyen/cerdar-asset/main/images/icon_infoTag.png",
        "name": "天明公園",
        "description": "天明町内の小さな地区公園",
        "pic_type": "photo",
        "photo": "https://www.cerd.osaka-cu.ac.jp/cerdar_pics/NiigataCity/IMG_20230328_033030.jpg"
      },
      "geometry": {
        "type": "Point",
        "coordinates": [
          139.0625798872513,
          37.91911033812406
        ]
      }
    },
    {
      "type": "Feature",
      "properties": {
        "id": "aeecfb63-3d39-4858-8fb8-dadb04d39de7",
        "info_type": "info",
        "icon": "icon_infoTag.png",
        "icon_url": "https://raw.githubusercontent.com/th-nguyen/cerdar-asset/main/images/icon_infoTag.png",
        "name": "天明中央公園",
        "description": "天明中央公園",
        "pic_type": "photo",
        "photo": "https://www.cerd.osaka-cu.ac.jp/cerdar_pics/NiigataCity/IMG_20230328_033631.jpg"
      },
      "geometry": {
        "type": "Point",
        "coordinates": [
          139.0628907604954,
          37.92026896145239
        ]
      }
    },
    {
      "type": "Feature",
      "properties": {
        "id": "297070c5-9b2f-4d6c-8da1-67810ac5c331",
        "info_type": "info",
        "icon": "icon_infoTag.png",
        "icon_url": "https://raw.githubusercontent.com/th-nguyen/cerdar-asset/main/images/icon_infoTag.png",
        "name": "クイズの振り返り",
        "description": "答合わせ",
        "pic_type": "movie",
        "movie": "https://www.youtube.com/embed/1gshHnNjGLI",
        "group": "門真市キタショウ"
      },
      "geometry": {
        "type": "Point",
        "coordinates": [
          135.58504343032837,
          34.74314209718168
        ]
      }
    },
    {
      "type": "Feature",
      "properties": {
        "id": "a6798a9d-63ca-47dd-95b5-953b17146225",
        "info_type": "info",
        "icon": "icon_infoTag.png",
        "icon_url": "https://raw.githubusercontent.com/th-nguyen/cerdar-asset/main/images/icon_infoTag.png",
        "name": "２",
        "description": "クイズのこたえをスマホにかこう！",
        "pic_type": "movie",
        "movie": "https://www.youtube.com/embed/CW3qsCXXkbA",
        "group": "門真市キタショウ"
      },
      "geometry": {
        "type": "Point",
        "coordinates": [
          135.58482885360718,
          34.74354763435767
        ]
      }
    },
    {
      "type": "Feature",
      "properties": {
        "id": "9303eaf2-2d68-46a8-83cc-03301122929a",
        "info_type": "info",
        "icon": "icon_infoTag.png",
        "icon_url": "https://raw.githubusercontent.com/th-nguyen/cerdar-asset/main/images/icon_infoTag.png",
        "name": "３",
        "description": "クイズのこたえをスマホにかこう！",
        "pic_type": "movie",
        "movie": "https://www.youtube.com/embed/KhTO_yXY8io",
        "group": "門真市キタショウ"
      },
      "geometry": {
        "type": "Point",
        "coordinates": [
          135.58501660823822,
          34.74353441035072
        ]
      }
    },
    {
      "type": "Feature",
      "properties": {
        "id": "c84711be-17d4-4bd4-854c-8146d8681628",
        "info_type": "info",
        "icon": "icon_infoTag.png",
        "icon_url": "https://raw.githubusercontent.com/th-nguyen/cerdar-asset/main/images/icon_infoTag.png",
        "name": "１",
        "description": "クイズのこたえをスマホにかこう！",
        "pic_type": "movie",
        "movie": "https://www.youtube.com/embed/XNNRfNzvFQo",
        "group": "門真市キタショウ"
      },
      "geometry": {
        "type": "Point",
        "coordinates": [
          135.58459281921387,
          34.74356967436455
        ]
      }
    },
    {
      "type": "Feature",
      "properties": {
        "id": "c23b43fb-a74f-4008-9d2a-a1be603440f0",
        "info_type": "info",
        "icon": "aed-marker.png",
        "icon_url": "https://raw.githubusercontent.com/th-nguyen/cerdar-asset/main/images/aed-marker.png",
        "name": "AED",
        "description": "AEDの使い方-私たちの勇気で救える命がある「かながわ☆スポットライト」かなチャンTV（神奈川県公式）",
        "pic_type": "movie",
        "movie": "https://www.youtube.com/embed/E8ppjdC55O4"
      },
      "geometry": {
        "type": "Point",
        "coordinates": [
          135.4789888858795,
          34.57670866281589
        ]
      }
    },
    {
      "type": "Feature",
      "properties": {
        "id": "ed510fa2-88e1-4673-8a33-6c1d689f1fe9",
        "info_type": "info",
        "icon": "bouka-marker.png",
        "icon_url": "https://raw.githubusercontent.com/th-nguyen/cerdar-asset/main/images/bouka-marker.png",
        "name": "防火水槽",
        "description": ""
      },
      "geometry": {
        "type": "Point",
        "coordinates": [
          135.4873949289322,
          34.57160258636651
        ]
      }
    },
    {
      "type": "Feature",
      "properties": {
        "id": "458a543b-fd14-483a-a0c7-d8899f0c3f90",
        "info_type": "info",
        "icon": "bouka-marker.png",
        "icon_url": "https://raw.githubusercontent.com/th-nguyen/cerdar-asset/main/images/bouka-marker.png",
        "name": "防火水槽",
        "description": ""
      },
      "geometry": {
        "type": "Point",
        "coordinates": [
          135.48270106315613,
          34.57319274760517
        ]
      }
    },
    {
      "type": "Feature",
      "properties": {
        "id": "9d4892c1-57a8-48fd-a172-654f6f44bd79",
        "info_type": "info",
        "icon": "aed-marker.png",
        "icon_url": "https://raw.githubusercontent.com/th-nguyen/cerdar-asset/main/images/aed-marker.png",
        "name": "AED",
        "description": "AEDの使い方-私たちの勇気で救える命がある「かながわ☆スポットライト」かなチャンTV（神奈川県公式）",
        "pic_type": "movie",
        "movie": "https://www.youtube.com/embed/E8ppjdC55O4"
      },
      "geometry": {
        "type": "Point",
        "coordinates": [
          135.52314341068265,
          34.81898695620812
        ]
      }
    },
    {
      "type": "Feature",
      "properties": {
        "id": "e7ef5e1a-5928-42a0-8d68-ef3b6b9918db",
        "info_type": "info",
        "icon": "hinan-bldg-marker.png",
        "icon_url": "https://raw.githubusercontent.com/th-nguyen/cerdar-asset/main/images/hinan-bldg-marker.png",
        "name": "水害時避難ビル",
        "description": ""
      },
      "geometry": {
        "type": "Point",
        "coordinates": [
          135.52373349666595,
          34.8189341085172
        ]
      }
    },
    {
      "type": "Feature",
      "properties": {
        "id": "a9fd67f3-3086-4481-bf87-db4f7c5167fa",
        "info_type": "info",
        "icon": "bouka-marker.png",
        "icon_url": "https://raw.githubusercontent.com/th-nguyen/cerdar-asset/main/images/bouka-marker.png",
        "name": "防火水槽",
        "description": ""
      },
      "geometry": {
        "type": "Point",
        "coordinates": [
          135.52345991134644,
          34.81965635735864
        ]
      }
    },
    {
      "type": "Feature",
      "properties": {
        "id": "12ac94d0-878b-4b6d-a3f2-557ad19cec83",
        "info_type": "info",
        "icon": "hinan-camp-marker.png",
        "icon_url": "https://raw.githubusercontent.com/th-nguyen/cerdar-asset/main/images/hinan-camp-marker.png",
        "name": "避難所",
        "description": ""
      },
      "geometry": {
        "type": "Point",
        "coordinates": [
          135.5230039358139,
          34.81933486932708
        ]
      }
    },
    {
      "type": "Feature",
      "properties": {
        "id": "71630b59-3eea-4b4f-990d-3e33acdd7258",
        "info_type": "info",
        "icon": "roujinhome-marker.png",
        "icon_url": "https://raw.githubusercontent.com/th-nguyen/cerdar-asset/main/images/roujinhome-marker.png",
        "name": "情報",
        "description": "",
        "pic_type": "movie",
        "movie": "https://www.youtube-nocookie.com/embed/rXpGw1tvoSk",
        "group": "杉本キャンパス"
      },
      "geometry": {
        "type": "Point",
        "coordinates": [
          135.50534963607788,
          34.592219317275095
        ]
      }
    },
    {
      "type": "Feature",
      "properties": {
        "id": "2eab223b-3616-4236-8172-8bf2a8df613a",
        "info_type": "info",
        "icon": "shoubo-marker.png",
        "icon_url": "https://raw.githubusercontent.com/th-nguyen/cerdar-asset/main/images/shoubo-marker.png",
        "name": "情報",
        "description": "",
        "pic_type": "movie",
        "movie": "https://player.vimeo.com/video/9182869",
        "group": "杉本キャンパス"
      },
      "geometry": {
        "type": "Point",
        "coordinates": [
          135.5052451617552,
          34.592346677248855
        ]
      }
    },
    {
      "type": "Feature",
      "properties": {
        "id": "eca4e18f-b35d-4042-a66a-e67745f40250",
        "info_type": "info",
        "icon": "keisatu-marker.png",
        "icon_url": "https://raw.githubusercontent.com/th-nguyen/cerdar-asset/main/images/keisatu-marker.png",
        "name": "大阪府東警察署",
        "description": "大阪府東警察署"
      },
      "geometry": {
        "type": "Point",
        "coordinates": [
          135.495975,
          34.705277
        ]
      }
    },
    {
      "type": "Feature",
      "properties": {
        "id": "47cfcbd6-10d6-4b7f-b539-5e761db4635d",
        "info_type": "info",
        "icon": "aed-marker.png",
        "icon_url": "https://raw.githubusercontent.com/th-nguyen/cerdar-asset/main/images/aed-marker.png",
        "name": "AED",
        "description": "AEDの使い方-私たちの勇気で救える命がある「かながわ☆スポットライト」かなチャンTV（神奈川県公式）",
        "pic_type": "movie",
        "movie": "https://www.youtube.com/embed/E8ppjdC55O4"
      },
      "geometry": {
        "type": "Point",
        "coordinates": [
          135.495227,
          34.705683
        ]
      }
    },
    {
      "type": "Feature",
      "properties": {
        "id": "a0c16cd5-d416-44a3-9e4a-d1e50cf1cc9d",
        "info_type": "info",
        "icon": "bouka-marker.png",
        "icon_url": "https://raw.githubusercontent.com/th-nguyen/cerdar-asset/main/images/bouka-marker.png",
        "name": "防火水そう",
        "description": "防火水そう",
        "pic_type": "photo",
        "photo": "https://www.cerd.osaka-cu.ac.jp/cerdar_pics/Sugimoto/IMG_0508.JPG"
      },
      "geometry": {
        "type": "Point",
        "coordinates": [
          135.495167,
          34.706111
        ]
      }
    },
    {
      "type": "Feature",
      "properties": {
        "id": "f965b951-eb6b-48e1-902a-a8451c7a0011",
        "info_type": "info",
        "icon": "hinan-camp-marker.png",
        "icon_url": "https://raw.githubusercontent.com/th-nguyen/cerdar-asset/main/images/hinan-camp-marker.png",
        "name": "大阪府東郵便局",
        "description": "大阪府東郵便局",
        "pic_type": "photo",
        "photo": "https://www.cerd.osaka-cu.ac.jp/cerdar_pics/Sugimoto/IMG_0511.JPG"
      },
      "geometry": {
        "type": "Point",
        "coordinates": [
          135.493318,
          34.705799
        ]
      }
    },
    {
      "type": "Feature",
      "properties": {
        "id": "5acc6816-31b4-4467-b6d5-f1cec0482b1e",
        "info_type": "info",
        "icon": "hinan-bldg-marker.png",
        "icon_url": "https://raw.githubusercontent.com/th-nguyen/cerdar-asset/main/images/hinan-bldg-marker.png",
        "name": "収容避難所@大阪市立依羅小学校",
        "description": "収容避難所@大阪市立依羅小学校"
      },
      "geometry": {
        "type": "Point",
        "coordinates": [
          135.494137,
          34.707311
        ]
      }
    },
    {
      "type": "Feature",
      "properties": {
        "id": "1a3e6bc6-361e-4091-ba47-fdc078c70d26",
        "info_type": "info",
        "icon": "medicine-marker.png",
        "icon_url": "https://raw.githubusercontent.com/th-nguyen/cerdar-asset/main/images/medicine-marker.png",
        "name": "医療法人鹿野苑河野クリニック",
        "description": "〒558-0022 大阪府大阪市住吉区杉本２丁目２０"
      },
      "geometry": {
        "type": "Point",
        "coordinates": [
          135.494066,
          34.705817
        ]
      }
    },
    {
      "type": "Feature",
      "properties": {
        "id": "1722e9a1-cb71-4a44-9bb0-a8937e819cf9",
        "info_type": "info",
        "icon": "roujinhome-marker.png",
        "icon_url": "https://raw.githubusercontent.com/th-nguyen/cerdar-asset/main/images/roujinhome-marker.png",
        "name": "アップリケア",
        "description": ""
      },
      "geometry": {
        "type": "Point",
        "coordinates": [
          135.495124,
          34.707226
        ]
      }
    },
    {
      "type": "Feature",
      "properties": {
        "id": "27255147-7e65-4a4e-bee9-d405b5973e66",
        "info_type": "info",
        "icon": "keisatu-marker.png",
        "icon_url": "https://raw.githubusercontent.com/th-nguyen/cerdar-asset/main/images/keisatu-marker.png",
        "name": "大阪府東警察署",
        "description": "大阪府東警察署"
      },
      "geometry": {
        "type": "Point",
        "coordinates": [
          135.495975,
          34.705277
        ]
      }
    },
    {
      "type": "Feature",
      "properties": {
        "id": "c45cd024-8bad-4660-8700-fdcdffda2e5d",
        "info_type": "info",
        "icon": "aed-marker.png",
        "icon_url": "https://raw.githubusercontent.com/th-nguyen/cerdar-asset/main/images/aed-marker.png",
        "name": "AED",
        "description": "AEDの使い方-私たちの勇気で救える命がある「かながわ☆スポットライト」かなチャンTV（神奈川県公式）",
        "pic_type": "movie",
        "movie": "https://www.youtube.com/embed/E8ppjdC55O4"
      },
      "geometry": {
        "type": "Point",
        "coordinates": [
          135.495227,
          34.705683
        ]
      }
    },
    {
      "type": "Feature",
      "properties": {
        "id": "3518a165-2a1d-4108-81cb-171c5110d536",
        "info_type": "info",
        "icon": "hinan-bldg-marker.png",
        "icon_url": "https://raw.githubusercontent.com/th-nguyen/cerdar-asset/main/images/hinan-bldg-marker.png",
        "name": "収容避難所@大阪市立依羅小学校",
        "description": "収容避難所@大阪市立依羅小学校"
      },
      "geometry": {
        "type": "Point",
        "coordinates": [
          135.494137,
          34.707311
        ]
      }
    },
    {
      "type": "Feature",
      "properties": {
        "id": "6818378d-f5fc-4ac4-832f-e59b925be06c",
        "info_type": "info",
        "icon": "medicine-marker.png",
        "icon_url": "https://raw.githubusercontent.com/th-nguyen/cerdar-asset/main/images/medicine-marker.png",
        "name": "医療法人鹿野苑河野クリニック",
        "description": "〒558-0022 大阪府大阪市住吉区杉本２丁目２０"
      },
      "geometry": {
        "type": "Point",
        "coordinates": [
          135.494066,
          34.705817
        ]
      }
    },
    {
      "type": "Feature",
      "properties": {
        "id": "d56765be-b092-445c-b2cb-8bc75c8c0997",
        "info_type": "info",
        "icon": "roujinhome-marker.png",
        "icon_url": "https://raw.githubusercontent.com/th-nguyen/cerdar-asset/main/images/roujinhome-marker.png",
        "name": "アップリケア",
        "description": ""
      },
      "geometry": {
        "type": "Point",
        "coordinates": [
          135.495124,
          34.707226
        ]
      }
    },
    {
      "type": "Feature",
      "properties": {
        "id": "e0a48806-f7c0-4725-8cea-4b5d3168efd4",
        "info_type": "info",
        "icon": "bouka-marker.png",
        "icon_url": "https://raw.githubusercontent.com/th-nguyen/cerdar-asset/main/images/bouka-marker.png",
        "name": "ＪＲ西日本信号区",
        "description": "防火水そう"
      },
      "geometry": {
        "type": "Point",
        "coordinates": [
          135.531184166787,
          34.6956861281577
        ]
      }
    },
    {
      "type": "Feature",
      "properties": {
        "id": "f26c1580-1be6-4d91-baf9-86a56d8aa4b9",
        "info_type": "info",
        "icon": "bouka-marker.png",
        "icon_url": "https://raw.githubusercontent.com/th-nguyen/cerdar-asset/main/images/bouka-marker.png",
        "name": "大阪市立森之宮小学校",
        "description": "防火水そう"
      },
      "geometry": {
        "type": "Point",
        "coordinates": [
          135.537449361437,
          34.6838552582318
        ]
      }
    },
    {
      "type": "Feature",
      "properties": {
        "id": "8c3ba764-e571-49a5-98c1-dd7a8e17a9de",
        "info_type": "info",
        "icon": "bouka-marker.png",
        "icon_url": "https://raw.githubusercontent.com/th-nguyen/cerdar-asset/main/images/bouka-marker.png",
        "name": "市営鴫野住宅３号棟北",
        "description": "防火水そう"
      },
      "geometry": {
        "type": "Point",
        "coordinates": [
          135.542859303245,
          34.6923948001898
        ]
      }
    },
    {
      "type": "Feature",
      "properties": {
        "id": "1f3b0389-85d0-4017-9558-55955cb086c1",
        "info_type": "info",
        "icon": "bouka-marker.png",
        "icon_url": "https://raw.githubusercontent.com/th-nguyen/cerdar-asset/main/images/bouka-marker.png",
        "name": "ダイナガ（株）",
        "description": "防火水そう"
      },
      "geometry": {
        "type": "Point",
        "coordinates": [
          135.535555493167,
          34.6947291917654
        ]
      }
    },
    {
      "type": "Feature",
      "properties": {
        "id": "1dc60ab4-1355-4f00-9732-edfdbe04808f",
        "info_type": "info",
        "icon": "bouka-marker.png",
        "icon_url": "https://raw.githubusercontent.com/th-nguyen/cerdar-asset/main/images/bouka-marker.png",
        "name": "ダイナガ（株）",
        "description": "防火水そう"
      },
      "geometry": {
        "type": "Point",
        "coordinates": [
          135.535870359861,
          34.6930626094747
        ]
      }
    },
    {
      "type": "Feature",
      "properties": {
        "id": "cf37d6a7-7beb-42cf-9d1a-ceeda59ef3b0",
        "info_type": "info",
        "icon": "bouka-marker.png",
        "icon_url": "https://raw.githubusercontent.com/th-nguyen/cerdar-asset/main/images/bouka-marker.png",
        "name": "キングマンション鴫野",
        "description": "防火水そう"
      },
      "geometry": {
        "type": "Point",
        "coordinates": [
          135.544149444188,
          34.6899835965961
        ]
      }
    },
    {
      "type": "Feature",
      "properties": {
        "id": "15aac1e5-b7f4-4532-86ae-9fc921aaa620",
        "info_type": "info",
        "icon": "bouka-marker.png",
        "icon_url": "https://raw.githubusercontent.com/th-nguyen/cerdar-asset/main/images/bouka-marker.png",
        "name": "ラ・ピアッツア鴫野西",
        "description": "防火水そう"
      },
      "geometry": {
        "type": "Point",
        "coordinates": [
          135.542385444692,
          34.6892377753032
        ]
      }
    },
    {
      "type": "Feature",
      "properties": {
        "id": "8df8fdbd-a4ab-4d20-9794-0f14930b80cb",
        "info_type": "info",
        "icon": "bouka-marker.png",
        "icon_url": "https://raw.githubusercontent.com/th-nguyen/cerdar-asset/main/images/bouka-marker.png",
        "name": "市営鴫野住宅４号棟北",
        "description": "防火水そう"
      },
      "geometry": {
        "type": "Point",
        "coordinates": [
          135.542284204743,
          34.6917796334943
        ]
      }
    },
    {
      "type": "Feature",
      "properties": {
        "id": "8c5fca33-446f-4fa4-abe4-c71fdd6c8c59",
        "info_type": "info",
        "icon": "bouka-marker.png",
        "icon_url": "https://raw.githubusercontent.com/th-nguyen/cerdar-asset/main/images/bouka-marker.png",
        "name": "大阪府立大手前高校",
        "description": "防火水そう"
      },
      "geometry": {
        "type": "Point",
        "coordinates": [
          135.518548312033,
          34.687478477026
        ]
      }
    },
    {
      "type": "Feature",
      "properties": {
        "id": "336c723e-4874-4659-868d-36cdabde0592",
        "info_type": "info",
        "icon": "bouka-marker.png",
        "icon_url": "https://raw.githubusercontent.com/th-nguyen/cerdar-asset/main/images/bouka-marker.png",
        "name": "追手門学院",
        "description": "防火水そう"
      },
      "geometry": {
        "type": "Point",
        "coordinates": [
          135.522407964056,
          34.6900629259835
        ]
      }
    },
    {
      "type": "Feature",
      "properties": {
        "id": "a9aa9803-ed93-4694-9e62-49b769d7bcfe",
        "info_type": "info",
        "icon": "bouka-marker.png",
        "icon_url": "https://raw.githubusercontent.com/th-nguyen/cerdar-asset/main/images/bouka-marker.png",
        "name": "サトウ病院前",
        "description": "防火水そう"
      },
      "geometry": {
        "type": "Point",
        "coordinates": [
          135.545472201644,
          34.6875815148276
        ]
      }
    },
    {
      "type": "Feature",
      "properties": {
        "id": "0c7883b2-ef11-42f3-9201-525729045a7c",
        "info_type": "info",
        "icon": "bouka-marker.png",
        "icon_url": "https://raw.githubusercontent.com/th-nguyen/cerdar-asset/main/images/bouka-marker.png",
        "name": "中浜中央公園内",
        "description": "防火水そう"
      },
      "geometry": {
        "type": "Point",
        "coordinates": [
          135.542544189644,
          34.6841629063942
        ]
      }
    },
    {
      "type": "Feature",
      "properties": {
        "id": "03e4bfa3-8523-405c-89a7-8524d1e23ffb",
        "info_type": "info",
        "icon": "bouka-marker.png",
        "icon_url": "https://raw.githubusercontent.com/th-nguyen/cerdar-asset/main/images/bouka-marker.png",
        "name": "中浜下水処理場内",
        "description": "防火水そう"
      },
      "geometry": {
        "type": "Point",
        "coordinates": [
          135.543668508128,
          34.6881156989328
        ]
      }
    },
    {
      "type": "Feature",
      "properties": {
        "id": "80a55087-3cbc-492d-a45d-e61a75db10fd",
        "info_type": "info",
        "icon": "bouka-marker.png",
        "icon_url": "https://raw.githubusercontent.com/th-nguyen/cerdar-asset/main/images/bouka-marker.png",
        "name": "大阪城ホール南西石垣",
        "description": "防火水そう"
      },
      "geometry": {
        "type": "Point",
        "coordinates": [
          135.52901260609,
          34.6897910221634
        ]
      }
    },
    {
      "type": "Feature",
      "properties": {
        "id": "a2a36401-7029-46b9-b15e-adc1ac80e877",
        "info_type": "info",
        "icon": "bouka-marker.png",
        "icon_url": "https://raw.githubusercontent.com/th-nguyen/cerdar-asset/main/images/bouka-marker.png",
        "name": "北大江公園内南側",
        "description": "防火水そう"
      },
      "geometry": {
        "type": "Point",
        "coordinates": [
          135.515538654151,
          34.6889089466947
        ]
      }
    },
    {
      "type": "Feature",
      "properties": {
        "id": "c1d7b083-b07c-4b8c-9e04-49aadc898c46",
        "info_type": "info",
        "icon": "bouka-marker.png",
        "icon_url": "https://raw.githubusercontent.com/th-nguyen/cerdar-asset/main/images/bouka-marker.png",
        "name": "大阪市立東中浜小学校",
        "description": "防火水そう"
      },
      "geometry": {
        "type": "Point",
        "coordinates": [
          135.549126591072,
          34.6838538022116
        ]
      }
    },
    {
      "type": "Feature",
      "properties": {
        "id": "a4f17331-8ce0-4ce3-99e3-c8c05c8afc2f",
        "info_type": "info",
        "icon": "bouka-marker.png",
        "icon_url": "https://raw.githubusercontent.com/th-nguyen/cerdar-asset/main/images/bouka-marker.png",
        "name": "大阪市立中浜小学校",
        "description": "防火水そう"
      },
      "geometry": {
        "type": "Point",
        "coordinates": [
          135.543358095022,
          34.6850043448971
        ]
      }
    },
    {
      "type": "Feature",
      "properties": {
        "id": "c059a1d1-1bbf-4446-b278-b1ac1ba430f5",
        "info_type": "info",
        "icon": "bouka-marker.png",
        "icon_url": "https://raw.githubusercontent.com/th-nguyen/cerdar-asset/main/images/bouka-marker.png",
        "name": "ネオコーポ大阪城公園",
        "description": "防火水そう"
      },
      "geometry": {
        "type": "Point",
        "coordinates": [
          135.536057403795,
          34.6927928780547
        ]
      }
    },
    {
      "type": "Feature",
      "properties": {
        "id": "bcc077a6-f7dd-4c9f-81b8-bd7393ccb5cf",
        "info_type": "info",
        "icon": "bouka-marker.png",
        "icon_url": "https://raw.githubusercontent.com/th-nguyen/cerdar-asset/main/images/bouka-marker.png",
        "name": "大阪城公園スカイハイ",
        "description": "防火水そう"
      },
      "geometry": {
        "type": "Point",
        "coordinates": [
          135.537270807777,
          34.6904806221499
        ]
      }
    },
    {
      "type": "Feature",
      "properties": {
        "id": "144591f2-f281-44d2-a960-4009bf81940d",
        "info_type": "info",
        "icon": "bouka-marker.png",
        "icon_url": "https://raw.githubusercontent.com/th-nguyen/cerdar-asset/main/images/bouka-marker.png",
        "name": "京橋公園内",
        "description": "防火水そう"
      },
      "geometry": {
        "type": "Point",
        "coordinates": [
          135.530683618685,
          34.6973519822531
        ]
      }
    },
    {
      "type": "Feature",
      "properties": {
        "id": "5222741e-a77e-4dfb-a6b5-4393d24314b1",
        "info_type": "info",
        "icon": "bouka-marker.png",
        "icon_url": "https://raw.githubusercontent.com/th-nguyen/cerdar-asset/main/images/bouka-marker.png",
        "name": "東野田公園内",
        "description": "防火水そう"
      },
      "geometry": {
        "type": "Point",
        "coordinates": [
          135.528237684298,
          34.6955846609687
        ]
      }
    },
    {
      "type": "Feature",
      "properties": {
        "id": "6785502f-4adf-4042-a055-715e2e91b287",
        "info_type": "info",
        "icon": "bouka-marker.png",
        "icon_url": "https://raw.githubusercontent.com/th-nguyen/cerdar-asset/main/images/bouka-marker.png",
        "name": "都島区役所北側",
        "description": "防火水そう"
      },
      "geometry": {
        "type": "Point",
        "coordinates": [
          135.528040025205,
          34.7015788575745
        ]
      }
    },
    {
      "type": "Feature",
      "properties": {
        "id": "1dc20754-a5a9-4092-94bc-e3b1e2341d79",
        "info_type": "info",
        "icon": "bouka-marker.png",
        "icon_url": "https://raw.githubusercontent.com/th-nguyen/cerdar-asset/main/images/bouka-marker.png",
        "name": "ネオコーポ大阪城２南",
        "description": "防火水そう"
      },
      "geometry": {
        "type": "Point",
        "coordinates": [
          135.536040080513,
          34.6919814632028
        ]
      }
    },
    {
      "type": "Feature",
      "properties": {
        "id": "5b97c45e-38ba-4140-8608-d6888b8485d6",
        "info_type": "info",
        "icon": "bouka-marker.png",
        "icon_url": "https://raw.githubusercontent.com/th-nguyen/cerdar-asset/main/images/bouka-marker.png",
        "name": "コ－シャハイツ森之宮",
        "description": "防火水そう"
      },
      "geometry": {
        "type": "Point",
        "coordinates": [
          135.538900979452,
          34.6818503813006
        ]
      }
    },
    {
      "type": "Feature",
      "properties": {
        "id": "94eb22f8-66fc-4018-a889-8eb78f2b4331",
        "info_type": "info",
        "icon": "bouka-marker.png",
        "icon_url": "https://raw.githubusercontent.com/th-nguyen/cerdar-asset/main/images/bouka-marker.png",
        "name": "東中浜公園内",
        "description": "防火水そう"
      },
      "geometry": {
        "type": "Point",
        "coordinates": [
          135.54881324929,
          34.6852950595565
        ]
      }
    },
    {
      "type": "Feature",
      "properties": {
        "id": "f8607070-a6da-4902-96d3-e261c917a5ec",
        "info_type": "info",
        "icon": "bouka-marker.png",
        "icon_url": "https://raw.githubusercontent.com/th-nguyen/cerdar-asset/main/images/bouka-marker.png",
        "name": "伊藤モータープール内",
        "description": "防火水そう"
      },
      "geometry": {
        "type": "Point",
        "coordinates": [
          135.547325591126,
          34.6839102505805
        ]
      }
    },
    {
      "type": "Feature",
      "properties": {
        "id": "940c89e0-51a1-45b7-836d-beeb4431617f",
        "info_type": "info",
        "icon": "bouka-marker.png",
        "icon_url": "https://raw.githubusercontent.com/th-nguyen/cerdar-asset/main/images/bouka-marker.png",
        "name": "扇町商業高校北側",
        "description": "防火水そう"
      },
      "geometry": {
        "type": "Point",
        "coordinates": [
          135.517845534937,
          34.6995287138984
        ]
      }
    },
    {
      "type": "Feature",
      "properties": {
        "id": "b2493855-9f51-4ae3-a15e-fb43e9fb911b",
        "info_type": "info",
        "icon": "bouka-marker.png",
        "icon_url": "https://raw.githubusercontent.com/th-nguyen/cerdar-asset/main/images/bouka-marker.png",
        "name": "東高等学校",
        "description": "防火水そう"
      },
      "geometry": {
        "type": "Point",
        "coordinates": [
          135.529420402072,
          34.6987624779593
        ]
      }
    },
    {
      "type": "Feature",
      "properties": {
        "id": "39814a2b-4fa6-4cfb-a397-e47301d73d1e",
        "info_type": "info",
        "icon": "bouka-marker.png",
        "icon_url": "https://raw.githubusercontent.com/th-nguyen/cerdar-asset/main/images/bouka-marker.png",
        "name": "京阪京橋駅ビル南側",
        "description": "防火水そう"
      },
      "geometry": {
        "type": "Point",
        "coordinates": [
          135.532628772212,
          34.6969537520985
        ]
      }
    },
    {
      "type": "Feature",
      "properties": {
        "id": "091441ea-f634-4e70-b90a-8d2ad9f29adb",
        "info_type": "info",
        "icon": "bouka-marker.png",
        "icon_url": "https://raw.githubusercontent.com/th-nguyen/cerdar-asset/main/images/bouka-marker.png",
        "name": "京阪京橋駅ビル西側",
        "description": "防火水そう"
      },
      "geometry": {
        "type": "Point",
        "coordinates": [
          135.532625640779,
          34.6975126659914
        ]
      }
    },
    {
      "type": "Feature",
      "properties": {
        "id": "0d9a12ce-0a4c-49e8-a99b-2ff5073e4757",
        "info_type": "info",
        "icon": "bouka-marker.png",
        "icon_url": "https://raw.githubusercontent.com/th-nguyen/cerdar-asset/main/images/bouka-marker.png",
        "name": "桜宮小学校",
        "description": "防火水そう"
      },
      "geometry": {
        "type": "Point",
        "coordinates": [
          135.527691330844,
          34.6956907347302
        ]
      }
    },
    {
      "type": "Feature",
      "properties": {
        "id": "226923a2-78a6-4eba-9dcd-4afd2ca762cd",
        "info_type": "info",
        "icon": "bouka-marker.png",
        "icon_url": "https://raw.githubusercontent.com/th-nguyen/cerdar-asset/main/images/bouka-marker.png",
        "name": "中野小学校",
        "description": "防火水そう"
      },
      "geometry": {
        "type": "Point",
        "coordinates": [
          135.524650497184,
          34.702557394384
        ]
      }
    },
    {
      "type": "Feature",
      "properties": {
        "id": "d0a37b30-25de-4292-b9ab-409674f7029e",
        "info_type": "info",
        "icon": "bouka-marker.png",
        "icon_url": "https://raw.githubusercontent.com/th-nguyen/cerdar-asset/main/images/bouka-marker.png",
        "name": "大阪府警本部南面",
        "description": "防火水そう"
      },
      "geometry": {
        "type": "Point",
        "coordinates": [
          135.520669951919,
          34.692418027542
        ]
      }
    },
    {
      "type": "Feature",
      "properties": {
        "id": "eb3e3ed5-07c6-491a-be35-3579d0377a2e",
        "info_type": "info",
        "icon": "bouka-marker.png",
        "icon_url": "https://raw.githubusercontent.com/th-nguyen/cerdar-asset/main/images/bouka-marker.png",
        "name": "大手前病院",
        "description": "防火水そう"
      },
      "geometry": {
        "type": "Point",
        "coordinates": [
          135.520087841032,
          34.689260502743
        ]
      }
    },
    {
      "type": "Feature",
      "properties": {
        "id": "17d212b7-2358-4488-8049-f8e52a967ee3",
        "info_type": "info",
        "icon": "bouka-marker.png",
        "icon_url": "https://raw.githubusercontent.com/th-nguyen/cerdar-asset/main/images/bouka-marker.png",
        "name": "日刊工業新聞ビル南東",
        "description": "防火水そう"
      },
      "geometry": {
        "type": "Point",
        "coordinates": [
          135.52089990453,
          34.6903905652215
        ]
      }
    },
    {
      "type": "Feature",
      "properties": {
        "id": "e71e49a6-175e-46be-868e-8bf0e9f5b8fa",
        "info_type": "info",
        "icon": "bouka-marker.png",
        "icon_url": "https://raw.githubusercontent.com/th-nguyen/cerdar-asset/main/images/bouka-marker.png",
        "name": "東野田出張所内",
        "description": "防火水そう"
      },
      "geometry": {
        "type": "Point",
        "coordinates": [
          135.526689212241,
          34.6953262616884
        ]
      }
    },
    {
      "type": "Feature",
      "properties": {
        "id": "9a53257d-a34f-4cd1-ac48-27fc213f8497",
        "info_type": "info",
        "icon": "bouka-marker.png",
        "icon_url": "https://raw.githubusercontent.com/th-nguyen/cerdar-asset/main/images/bouka-marker.png",
        "name": "藤田観光太閤園駐車場",
        "description": "防火水そう"
      },
      "geometry": {
        "type": "Point",
        "coordinates": [
          135.52488530298,
          34.6958421439298
        ]
      }
    },
    {
      "type": "Feature",
      "properties": {
        "id": "5fc5cb7e-a2df-4bca-ac94-dbbcaaebfd68",
        "info_type": "info",
        "icon": "bouka-marker.png",
        "icon_url": "https://raw.githubusercontent.com/th-nguyen/cerdar-asset/main/images/bouka-marker.png",
        "name": "大阪東京海上ビル",
        "description": "防火水そう"
      },
      "geometry": {
        "type": "Point",
        "coordinates": [
          135.534721700823,
          34.6935360381669
        ]
      }
    },
    {
      "type": "Feature",
      "properties": {
        "id": "8cbc221d-94ae-4d13-b2c0-604741b60e4e",
        "info_type": "info",
        "icon": "bouka-marker.png",
        "icon_url": "https://raw.githubusercontent.com/th-nguyen/cerdar-asset/main/images/bouka-marker.png",
        "name": "ＫＤＤオオサカビル",
        "description": "防火水そう"
      },
      "geometry": {
        "type": "Point",
        "coordinates": [
          135.534908749597,
          34.6932662995542
        ]
      }
    },
    {
      "type": "Feature",
      "properties": {
        "id": "2a99bb27-a844-4968-b203-5f2964e220c6",
        "info_type": "info",
        "icon": "bouka-marker.png",
        "icon_url": "https://raw.githubusercontent.com/th-nguyen/cerdar-asset/main/images/bouka-marker.png",
        "name": "ＫＤＤオオサカビル",
        "description": "防火水そう"
      },
      "geometry": {
        "type": "Point",
        "coordinates": [
          135.533852824588,
          34.6927664626385
        ]
      }
    },
    {
      "type": "Feature",
      "properties": {
        "id": "c4293c50-e67d-40d5-8480-99157a560c6f",
        "info_type": "info",
        "icon": "bouka-marker.png",
        "icon_url": "https://raw.githubusercontent.com/th-nguyen/cerdar-asset/main/images/bouka-marker.png",
        "name": "富士通システムラボ",
        "description": "防火水そう"
      },
      "geometry": {
        "type": "Point",
        "coordinates": [
          135.53259868041,
          34.6925813755581
        ]
      }
    },
    {
      "type": "Feature",
      "properties": {
        "id": "f5ae7a9e-831a-4ee1-ab23-244365b394bb",
        "info_type": "info",
        "icon": "bouka-marker.png",
        "icon_url": "https://raw.githubusercontent.com/th-nguyen/cerdar-asset/main/images/bouka-marker.png",
        "name": "松下電工ビル南西角",
        "description": "防火水そう"
      },
      "geometry": {
        "type": "Point",
        "coordinates": [
          135.529400163609,
          34.692677301897
        ]
      }
    },
    {
      "type": "Feature",
      "properties": {
        "id": "77bfd3e0-9631-4568-9318-3bd30e10a140",
        "info_type": "info",
        "icon": "bouka-marker.png",
        "icon_url": "https://raw.githubusercontent.com/th-nguyen/cerdar-asset/main/images/bouka-marker.png",
        "name": "ツイン２１北東側",
        "description": "防火水そう"
      },
      "geometry": {
        "type": "Point",
        "coordinates": [
          135.531686968569,
          34.6936146103677
        ]
      }
    },
    {
      "type": "Feature",
      "properties": {
        "id": "ebbec586-7ba0-417a-b708-465f25d6984d",
        "info_type": "info",
        "icon": "bouka-marker.png",
        "icon_url": "https://raw.githubusercontent.com/th-nguyen/cerdar-asset/main/images/bouka-marker.png",
        "name": "ツイン立体駐車場北東",
        "description": "防火水そう"
      },
      "geometry": {
        "type": "Point",
        "coordinates": [
          135.53019285054,
          34.6934015399061
        ]
      }
    },
    {
      "type": "Feature",
      "properties": {
        "id": "0414c69e-8536-4f5e-8943-8e32b7d0db80",
        "info_type": "info",
        "icon": "bouka-marker.png",
        "icon_url": "https://raw.githubusercontent.com/th-nguyen/cerdar-asset/main/images/bouka-marker.png",
        "name": "あさひ銀行南側",
        "description": "防火水そう"
      },
      "geometry": {
        "type": "Point",
        "coordinates": [
          135.531671363524,
          34.6925057129739
        ]
      }
    },
    {
      "type": "Feature",
      "properties": {
        "id": "9f3731ee-0c55-4b69-a3c2-3cd4ddfe89cc",
        "info_type": "info",
        "icon": "bouka-marker.png",
        "icon_url": "https://raw.githubusercontent.com/th-nguyen/cerdar-asset/main/images/bouka-marker.png",
        "name": "松下ＩＭＰビル北側",
        "description": "防火水そう"
      },
      "geometry": {
        "type": "Point",
        "coordinates": [
          135.531368036488,
          34.6920988771297
        ]
      }
    },
    {
      "type": "Feature",
      "properties": {
        "id": "a63a960b-91f2-45a9-8d86-484c0096c7f3",
        "info_type": "info",
        "icon": "bouka-marker.png",
        "icon_url": "https://raw.githubusercontent.com/th-nguyen/cerdar-asset/main/images/bouka-marker.png",
        "name": "松下ＩＭＰビル北西角",
        "description": "防火水そう"
      },
      "geometry": {
        "type": "Point",
        "coordinates": [
          135.529459305352,
          34.6918661816025
        ]
      }
    },
    {
      "type": "Feature",
      "properties": {
        "id": "6bdcfdf9-c84e-45fe-95f3-6cdfd1dd037b",
        "info_type": "info",
        "icon": "bouka-marker.png",
        "icon_url": "https://raw.githubusercontent.com/th-nguyen/cerdar-asset/main/images/bouka-marker.png",
        "name": "クリスタルタワ－南西",
        "description": "防火水そう"
      },
      "geometry": {
        "type": "Point",
        "coordinates": [
          135.527985733564,
          34.6918875557174
        ]
      }
    },
    {
      "type": "Feature",
      "properties": {
        "id": "28f2ed77-1479-409f-81fd-bb5be1ffdf38",
        "info_type": "info",
        "icon": "bouka-marker.png",
        "icon_url": "https://raw.githubusercontent.com/th-nguyen/cerdar-asset/main/images/bouka-marker.png",
        "name": "クリスタルタワ－北東",
        "description": "防火水そう"
      },
      "geometry": {
        "type": "Point",
        "coordinates": [
          135.528964189652,
          34.6925674456487
        ]
      }
    },
    {
      "type": "Feature",
      "properties": {
        "id": "7803bfac-3392-4b6a-b0c7-29868182cb69",
        "info_type": "info",
        "icon": "bouka-marker.png",
        "icon_url": "https://raw.githubusercontent.com/th-nguyen/cerdar-asset/main/images/bouka-marker.png",
        "name": "造幣局内",
        "description": "防火水そう"
      },
      "geometry": {
        "type": "Point",
        "coordinates": [
          135.518769079758,
          34.6964943123291
        ]
      }
    },
    {
      "type": "Feature",
      "properties": {
        "id": "a19267cc-624c-481f-b59e-165810fb6b2e",
        "info_type": "info",
        "icon": "bouka-marker.png",
        "icon_url": "https://raw.githubusercontent.com/th-nguyen/cerdar-asset/main/images/bouka-marker.png",
        "name": "滝川小学校南側",
        "description": "防火水そう"
      },
      "geometry": {
        "type": "Point",
        "coordinates": [
          135.518958805821,
          34.695773864424
        ]
      }
    },
    {
      "type": "Feature",
      "properties": {
        "id": "26600564-28ef-44c3-915b-126887514bb9",
        "info_type": "info",
        "icon": "bouka-marker.png",
        "icon_url": "https://raw.githubusercontent.com/th-nguyen/cerdar-asset/main/images/bouka-marker.png",
        "name": "ＯＡＰアネックス棟西",
        "description": "防火水そう"
      },
      "geometry": {
        "type": "Point",
        "coordinates": [
          135.518269994553,
          34.701630885317
        ]
      }
    },
    {
      "type": "Feature",
      "properties": {
        "id": "a12063a0-634e-4788-b6b6-789c1dbcdb37",
        "info_type": "info",
        "icon": "bouka-marker.png",
        "icon_url": "https://raw.githubusercontent.com/th-nguyen/cerdar-asset/main/images/bouka-marker.png",
        "name": "北稜中学校内",
        "description": "防火水そう"
      },
      "geometry": {
        "type": "Point",
        "coordinates": [
          135.520200656663,
          34.6980956159694
        ]
      }
    },
    {
      "type": "Feature",
      "properties": {
        "id": "260265f6-6364-44ad-97f8-45756240b748",
        "info_type": "info",
        "icon": "bouka-marker.png",
        "icon_url": "https://raw.githubusercontent.com/th-nguyen/cerdar-asset/main/images/bouka-marker.png",
        "name": "滝川公園内",
        "description": "防火水そう"
      },
      "geometry": {
        "type": "Point",
        "coordinates": [
          135.514439394611,
          34.6939980289768
        ]
      }
    },
    {
      "type": "Feature",
      "properties": {
        "id": "96f3abb0-b923-4a92-a84a-bac9768cfd00",
        "info_type": "info",
        "icon": "bouka-marker.png",
        "icon_url": "https://raw.githubusercontent.com/th-nguyen/cerdar-asset/main/images/bouka-marker.png",
        "name": "造幣局詰所東",
        "description": "防火水そう"
      },
      "geometry": {
        "type": "Point",
        "coordinates": [
          135.521492114687,
          34.697496683898
        ]
      }
    },
    {
      "type": "Feature",
      "properties": {
        "id": "06878cff-50dd-469b-a6cd-62f931930d80",
        "info_type": "info",
        "icon": "bouka-marker.png",
        "icon_url": "https://raw.githubusercontent.com/th-nguyen/cerdar-asset/main/images/bouka-marker.png",
        "name": "大阪造幣局敷地内",
        "description": "防火水そう"
      },
      "geometry": {
        "type": "Point",
        "coordinates": [
          135.521716016612,
          34.6965239438088
        ]
      }
    },
    {
      "type": "Feature",
      "properties": {
        "id": "592e3e49-0f56-43ad-be4d-8c96ae77a708",
        "info_type": "info",
        "icon": "bouka-marker.png",
        "icon_url": "https://raw.githubusercontent.com/th-nguyen/cerdar-asset/main/images/bouka-marker.png",
        "name": "造幣局新貨幣工場",
        "description": "防火水そう"
      },
      "geometry": {
        "type": "Point",
        "coordinates": [
          135.5204849632,
          34.6961134367727
        ]
      }
    },
    {
      "type": "Feature",
      "properties": {
        "id": "4a0e96a5-f0e0-4b09-a804-ce8eb964eb7a",
        "info_type": "info",
        "icon": "bouka-marker.png",
        "icon_url": "https://raw.githubusercontent.com/th-nguyen/cerdar-asset/main/images/bouka-marker.png",
        "name": "ＯＡＰホテル棟東",
        "description": "防火水そう"
      },
      "geometry": {
        "type": "Point",
        "coordinates": [
          135.519562459369,
          34.7008697161142
        ]
      }
    },
    {
      "type": "Feature",
      "properties": {
        "id": "963f4134-186b-432d-ae09-7ce1e89ce76c",
        "info_type": "info",
        "icon": "hinan-bldg-marker.png",
        "icon_url": "https://raw.githubusercontent.com/th-nguyen/cerdar-asset/main/images/hinan-bldg-marker.png",
        "name": "M’S TEMMA",
        "description": "水害時避難ビル"
      },
      "geometry": {
        "type": "Point",
        "coordinates": [
          135.515391997859,
          34.6925499965642
        ]
      }
    },
    {
      "type": "Feature",
      "properties": {
        "id": "52a750e6-7e01-4960-88ad-d08339c246d4",
        "info_type": "info",
        "icon": "hinan-bldg-marker.png",
        "icon_url": "https://raw.githubusercontent.com/th-nguyen/cerdar-asset/main/images/hinan-bldg-marker.png",
        "name": "扇町総合高等学校",
        "description": "水害時避難ビル"
      },
      "geometry": {
        "type": "Point",
        "coordinates": [
          135.517740994711,
          34.6991339991305
        ]
      }
    },
    {
      "type": "Feature",
      "properties": {
        "id": "52351940-5232-42ea-bd6b-45bc31bc4537",
        "info_type": "info",
        "icon": "hinan-bldg-marker.png",
        "icon_url": "https://raw.githubusercontent.com/th-nguyen/cerdar-asset/main/images/hinan-bldg-marker.png",
        "name": "滝川小学校",
        "description": "水害時避難ビル"
      },
      "geometry": {
        "type": "Point",
        "coordinates": [
          135.519243005229,
          34.6962940017873
        ]
      }
    },
    {
      "type": "Feature",
      "properties": {
        "id": "0b559a1a-577a-4ccb-b637-d09c5cb25471",
        "info_type": "info",
        "icon": "hinan-bldg-marker.png",
        "icon_url": "https://raw.githubusercontent.com/th-nguyen/cerdar-asset/main/images/hinan-bldg-marker.png",
        "name": "ＯＡＰタワー",
        "description": "水害時避難ビル"
      },
      "geometry": {
        "type": "Point",
        "coordinates": [
          135.519791002278,
          34.6999229979915
        ]
      }
    },
    {
      "type": "Feature",
      "properties": {
        "id": "067d74c2-302d-4af6-8bee-e5313cf62374",
        "info_type": "info",
        "icon": "hinan-bldg-marker.png",
        "icon_url": "https://raw.githubusercontent.com/th-nguyen/cerdar-asset/main/images/hinan-bldg-marker.png",
        "name": "北稜中学校",
        "description": "水害時避難ビル"
      },
      "geometry": {
        "type": "Point",
        "coordinates": [
          135.520830995632,
          34.6985520049776
        ]
      }
    },
    {
      "type": "Feature",
      "properties": {
        "id": "18d13b34-9a50-4af4-895d-cefadc5618bf",
        "info_type": "info",
        "icon": "hinan-bldg-marker.png",
        "icon_url": "https://raw.githubusercontent.com/th-nguyen/cerdar-asset/main/images/hinan-bldg-marker.png",
        "name": "中野小学校",
        "description": "水害時避難ビル"
      },
      "geometry": {
        "type": "Point",
        "coordinates": [
          135.524216004993,
          34.7028519969288
        ]
      }
    },
    {
      "type": "Feature",
      "properties": {
        "id": "38f7536e-47f3-4eb9-a8af-4e702f57ece3",
        "info_type": "info",
        "icon": "hinan-bldg-marker.png",
        "icon_url": "https://raw.githubusercontent.com/th-nguyen/cerdar-asset/main/images/hinan-bldg-marker.png",
        "name": "ザ・ガーデンオリエンタル大阪",
        "description": "水害時避難ビル"
      },
      "geometry": {
        "type": "Point",
        "coordinates": [
          135.524381402498,
          34.6933118542404
        ]
      }
    },
    {
      "type": "Feature",
      "properties": {
        "id": "627899b7-8f9b-453a-8d23-e8ecf0de6404",
        "info_type": "info",
        "icon": "hinan-bldg-marker.png",
        "icon_url": "https://raw.githubusercontent.com/th-nguyen/cerdar-asset/main/images/hinan-bldg-marker.png",
        "name": "大阪私学会館",
        "description": "水害時避難ビル"
      },
      "geometry": {
        "type": "Point",
        "coordinates": [
          135.524876997773,
          34.6935940031569
        ]
      }
    },
    {
      "type": "Feature",
      "properties": {
        "id": "19c71f0f-a68a-4eb9-86ff-50bfe79f4384",
        "info_type": "info",
        "icon": "hinan-bldg-marker.png",
        "icon_url": "https://raw.githubusercontent.com/th-nguyen/cerdar-asset/main/images/hinan-bldg-marker.png",
        "name": "都島中学校",
        "description": "水害時避難ビル"
      },
      "geometry": {
        "type": "Point",
        "coordinates": [
          135.525696996805,
          34.7025649970485
        ]
      }
    },
    {
      "type": "Feature",
      "properties": {
        "id": "d9d9950a-cc40-4572-9a56-84eb8a62b995",
        "info_type": "info",
        "icon": "hinan-bldg-marker.png",
        "icon_url": "https://raw.githubusercontent.com/th-nguyen/cerdar-asset/main/images/hinan-bldg-marker.png",
        "name": "桜宮小学校",
        "description": "水害時避難ビル"
      },
      "geometry": {
        "type": "Point",
        "coordinates": [
          135.52747799849,
          34.6966159997315
        ]
      }
    },
    {
      "type": "Feature",
      "properties": {
        "id": "890eaf89-5914-444a-98f1-8bec2683e68c",
        "info_type": "info",
        "icon": "hinan-bldg-marker.png",
        "icon_url": "https://raw.githubusercontent.com/th-nguyen/cerdar-asset/main/images/hinan-bldg-marker.png",
        "name": "東高等学校",
        "description": "水害時避難ビル"
      },
      "geometry": {
        "type": "Point",
        "coordinates": [
          135.528416997778,
          34.6995480041451
        ]
      }
    },
    {
      "type": "Feature",
      "properties": {
        "id": "847dc71c-4d76-4ea9-a899-ffe246b00d58",
        "info_type": "info",
        "icon": "hinan-bldg-marker.png",
        "icon_url": "https://raw.githubusercontent.com/th-nguyen/cerdar-asset/main/images/hinan-bldg-marker.png",
        "name": "生活協同組合 おおさかパルコープ 京橋事務所",
        "description": "水害時避難ビル"
      },
      "geometry": {
        "type": "Point",
        "coordinates": [
          135.529277464717,
          34.6956836588928
        ]
      }
    },
    {
      "type": "Feature",
      "properties": {
        "id": "ca9a1b0e-52b8-4d53-98b8-89e83e514032",
        "info_type": "info",
        "icon": "hinan-bldg-marker.png",
        "icon_url": "https://raw.githubusercontent.com/th-nguyen/cerdar-asset/main/images/hinan-bldg-marker.png",
        "name": "ライフセントラルスクエア森ノ宮店",
        "description": "水害時避難ビル"
      },
      "geometry": {
        "type": "Point",
        "coordinates": [
          135.530411663304,
          34.680034391911
        ]
      }
    },
    {
      "type": "Feature",
      "properties": {
        "id": "3533f658-092b-48e5-b0d1-ec31b4cf221f",
        "info_type": "info",
        "icon": "hinan-bldg-marker.png",
        "icon_url": "https://raw.githubusercontent.com/th-nguyen/cerdar-asset/main/images/hinan-bldg-marker.png",
        "name": "UR賃貸住宅（森之宮）３号棟",
        "description": "水害時避難ビル"
      },
      "geometry": {
        "type": "Point",
        "coordinates": [
          135.536276400859,
          34.6821016551576
        ]
      }
    },
    {
      "type": "Feature",
      "properties": {
        "id": "b172bd63-35c5-413e-827b-299c3d1cf5da",
        "info_type": "info",
        "icon": "hinan-bldg-marker.png",
        "icon_url": "https://raw.githubusercontent.com/th-nguyen/cerdar-asset/main/images/hinan-bldg-marker.png",
        "name": "城東スポーツセンター",
        "description": "水害時避難ビル"
      },
      "geometry": {
        "type": "Point",
        "coordinates": [
          135.536328939388,
          34.6915322948981
        ]
      }
    },
    {
      "type": "Feature",
      "properties": {
        "id": "a39da273-6111-461b-b049-33fea9c05c1d",
        "info_type": "info",
        "icon": "hinan-bldg-marker.png",
        "icon_url": "https://raw.githubusercontent.com/th-nguyen/cerdar-asset/main/images/hinan-bldg-marker.png",
        "name": "UR賃貸住宅（森之宮）４号棟",
        "description": "水害時避難ビル"
      },
      "geometry": {
        "type": "Point",
        "coordinates": [
          135.536879692125,
          34.6821122066928
        ]
      }
    },
    {
      "type": "Feature",
      "properties": {
        "id": "4e8d4b75-0c31-4e97-9fdb-1dfa5780a03b",
        "info_type": "info",
        "icon": "hinan-bldg-marker.png",
        "icon_url": "https://raw.githubusercontent.com/th-nguyen/cerdar-asset/main/images/hinan-bldg-marker.png",
        "name": "森之宮小学校",
        "description": "水害時避難ビル"
      },
      "geometry": {
        "type": "Point",
        "coordinates": [
          135.537397001134,
          34.6835330040348
        ]
      }
    },
    {
      "type": "Feature",
      "properties": {
        "id": "f264d54b-bf77-4180-9f99-cdc785e3b4dd",
        "info_type": "info",
        "icon": "hinan-bldg-marker.png",
        "icon_url": "https://raw.githubusercontent.com/th-nguyen/cerdar-asset/main/images/hinan-bldg-marker.png",
        "name": "UR賃貸住宅（森之宮第２）７号棟",
        "description": "水害時避難ビル"
      },
      "geometry": {
        "type": "Point",
        "coordinates": [
          135.538478633287,
          34.6843430905243
        ]
      }
    },
    {
      "type": "Feature",
      "properties": {
        "id": "2c4fe15b-7899-4f24-a894-074ec1c2cece",
        "info_type": "info",
        "icon": "hinan-bldg-marker.png",
        "icon_url": "https://raw.githubusercontent.com/th-nguyen/cerdar-asset/main/images/hinan-bldg-marker.png",
        "name": "UR賃貸住宅（森之宮第２）８号棟",
        "description": "水害時避難ビル"
      },
      "geometry": {
        "type": "Point",
        "coordinates": [
          135.539191623474,
          34.684353432979
        ]
      }
    },
    {
      "type": "Feature",
      "properties": {
        "id": "a704134f-b4c7-4393-9db1-175f566c806d",
        "info_type": "info",
        "icon": "hinan-bldg-marker.png",
        "icon_url": "https://raw.githubusercontent.com/th-nguyen/cerdar-asset/main/images/hinan-bldg-marker.png",
        "name": "特別養護老人ホーム　平成森之宮苑",
        "description": "水害時避難ビル"
      },
      "geometry": {
        "type": "Point",
        "coordinates": [
          135.539289504018,
          34.6848524733984
        ]
      }
    },
    {
      "type": "Feature",
      "properties": {
        "id": "27a32890-c816-4c82-9105-f49c5ea7d5e1",
        "info_type": "info",
        "icon": "hinan-bldg-marker.png",
        "icon_url": "https://raw.githubusercontent.com/th-nguyen/cerdar-asset/main/images/hinan-bldg-marker.png",
        "name": "UR賃貸住宅（森之宮第２）９号棟",
        "description": "水害時避難ビル"
      },
      "geometry": {
        "type": "Point",
        "coordinates": [
          135.5396326579,
          34.6859116918692
        ]
      }
    },
    {
      "type": "Feature",
      "properties": {
        "id": "5f5d70c1-f3d1-4b3e-b0cc-15e2138248bd",
        "info_type": "info",
        "icon": "hinan-bldg-marker.png",
        "icon_url": "https://raw.githubusercontent.com/th-nguyen/cerdar-asset/main/images/hinan-bldg-marker.png",
        "name": "中浜小学校",
        "description": "水害時避難ビル"
      },
      "geometry": {
        "type": "Point",
        "coordinates": [
          135.543693994839,
          34.6856189994257
        ]
      }
    },
    {
      "type": "Feature",
      "properties": {
        "id": "9119567e-58b5-47c3-b44b-b4a55d790667",
        "info_type": "info",
        "icon": "hinan-camp-marker.png",
        "icon_url": "https://raw.githubusercontent.com/th-nguyen/cerdar-asset/main/images/hinan-camp-marker.png",
        "name": "滝川公園",
        "description": "避難所"
      },
      "geometry": {
        "type": "Point",
        "coordinates": [
          135.514636026661,
          34.6941005293446
        ]
      }
    },
    {
      "type": "Feature",
      "properties": {
        "id": "3bf7310f-622d-4d2e-959b-17cfc54d210e",
        "info_type": "info",
        "icon": "hinan-camp-marker.png",
        "icon_url": "https://raw.githubusercontent.com/th-nguyen/cerdar-asset/main/images/hinan-camp-marker.png",
        "name": "南天満公園",
        "description": "避難所"
      },
      "geometry": {
        "type": "Point",
        "coordinates": [
          135.514820225746,
          34.6918578247536
        ]
      }
    },
    {
      "type": "Feature",
      "properties": {
        "id": "4b0004e7-2833-4fe3-b7fb-a832cd0852c8",
        "info_type": "info",
        "icon": "hinan-camp-marker.png",
        "icon_url": "https://raw.githubusercontent.com/th-nguyen/cerdar-asset/main/images/hinan-camp-marker.png",
        "name": "北大江公園",
        "description": "避難所"
      },
      "geometry": {
        "type": "Point",
        "coordinates": [
          135.515300523382,
          34.689005507047
        ]
      }
    },
    {
      "type": "Feature",
      "properties": {
        "id": "d6d1eb4a-fb69-48c2-9fb9-1736e8e29715",
        "info_type": "info",
        "icon": "hinan-camp-marker.png",
        "icon_url": "https://raw.githubusercontent.com/th-nguyen/cerdar-asset/main/images/hinan-camp-marker.png",
        "name": "中央高等学校",
        "description": "避難所"
      },
      "geometry": {
        "type": "Point",
        "coordinates": [
          135.516500798489,
          34.6881809768928
        ]
      }
    },
    {
      "type": "Feature",
      "properties": {
        "id": "03351935-893f-442f-ba42-ac733249e65c",
        "info_type": "info",
        "icon": "hinan-camp-marker.png",
        "icon_url": "https://raw.githubusercontent.com/th-nguyen/cerdar-asset/main/images/hinan-camp-marker.png",
        "name": "扇町総合高等学校",
        "description": "避難所"
      },
      "geometry": {
        "type": "Point",
        "coordinates": [
          135.517593060944,
          34.6993045196246
        ]
      }
    },
    {
      "type": "Feature",
      "properties": {
        "id": "6946116f-daec-421a-be88-8b551c868d60",
        "info_type": "info",
        "icon": "hinan-camp-marker.png",
        "icon_url": "https://raw.githubusercontent.com/th-nguyen/cerdar-asset/main/images/hinan-camp-marker.png",
        "name": "東天満公園",
        "description": "避難所"
      },
      "geometry": {
        "type": "Point",
        "coordinates": [
          135.518605986503,
          34.7007576704601
        ]
      }
    },
    {
      "type": "Feature",
      "properties": {
        "id": "97918c3d-cc4e-4c49-97ed-c92bffa4c120",
        "info_type": "info",
        "icon": "hinan-camp-marker.png",
        "icon_url": "https://raw.githubusercontent.com/th-nguyen/cerdar-asset/main/images/hinan-camp-marker.png",
        "name": "滝川小学校",
        "description": "避難所"
      },
      "geometry": {
        "type": "Point",
        "coordinates": [
          135.519085538481,
          34.6962987174138
        ]
      }
    },
    {
      "type": "Feature",
      "properties": {
        "id": "84060849-b3ef-494a-9768-8078aaf77ce6",
        "info_type": "info",
        "icon": "hinan-camp-marker.png",
        "icon_url": "https://raw.githubusercontent.com/th-nguyen/cerdar-asset/main/images/hinan-camp-marker.png",
        "name": "大手前高等学校",
        "description": "避難所"
      },
      "geometry": {
        "type": "Point",
        "coordinates": [
          135.519821391157,
          34.6872460057932
        ]
      }
    },
    {
      "type": "Feature",
      "properties": {
        "id": "662d11c6-7407-4ca0-a4a2-76483e56cb71",
        "info_type": "info",
        "icon": "hinan-camp-marker.png",
        "icon_url": "https://raw.githubusercontent.com/th-nguyen/cerdar-asset/main/images/hinan-camp-marker.png",
        "name": "北稜中学校",
        "description": "避難所"
      },
      "geometry": {
        "type": "Point",
        "coordinates": [
          135.520696650763,
          34.6985630339792
        ]
      }
    },
    {
      "type": "Feature",
      "properties": {
        "id": "2de5410b-8ca2-4549-a07d-c2d254e7b5f7",
        "info_type": "info",
        "icon": "hinan-camp-marker.png",
        "icon_url": "https://raw.githubusercontent.com/th-nguyen/cerdar-asset/main/images/hinan-camp-marker.png",
        "name": "毛馬桜之宮公園",
        "description": "避難所"
      },
      "geometry": {
        "type": "Point",
        "coordinates": [
          135.523468202315,
          34.6986811826781
        ]
      }
    },
    {
      "type": "Feature",
      "properties": {
        "id": "830155ce-afa9-4c7d-b26e-9779ddcc999e",
        "info_type": "info",
        "icon": "hinan-camp-marker.png",
        "icon_url": "https://raw.githubusercontent.com/th-nguyen/cerdar-asset/main/images/hinan-camp-marker.png",
        "name": "中野小学校",
        "description": "避難所"
      },
      "geometry": {
        "type": "Point",
        "coordinates": [
          135.524182684119,
          34.7029863986701
        ]
      }
    },
    {
      "type": "Feature",
      "properties": {
        "id": "ff3ef7d1-a3d1-4e49-ab37-6a952be67fb2",
        "info_type": "info",
        "icon": "hinan-camp-marker.png",
        "icon_url": "https://raw.githubusercontent.com/th-nguyen/cerdar-asset/main/images/hinan-camp-marker.png",
        "name": "中野南公園",
        "description": "避難所"
      },
      "geometry": {
        "type": "Point",
        "coordinates": [
          135.524311739962,
          34.7022089202277
        ]
      }
    },
    {
      "type": "Feature",
      "properties": {
        "id": "a13e8cae-bbec-466c-bb29-05bcd56bc7b0",
        "info_type": "info",
        "icon": "hinan-camp-marker.png",
        "icon_url": "https://raw.githubusercontent.com/th-nguyen/cerdar-asset/main/images/hinan-camp-marker.png",
        "name": "都島中学校",
        "description": "避難所"
      },
      "geometry": {
        "type": "Point",
        "coordinates": [
          135.525925177632,
          34.7025621888025
        ]
      }
    },
    {
      "type": "Feature",
      "properties": {
        "id": "68195973-98da-40cc-abaf-373925865ede",
        "info_type": "info",
        "icon": "hinan-camp-marker.png",
        "icon_url": "https://raw.githubusercontent.com/th-nguyen/cerdar-asset/main/images/hinan-camp-marker.png",
        "name": "桜宮小学校",
        "description": "避難所"
      },
      "geometry": {
        "type": "Point",
        "coordinates": [
          135.527285898172,
          34.6965841707473
        ]
      }
    },
    {
      "type": "Feature",
      "properties": {
        "id": "109fda29-4aa3-48b5-b62a-5839baa3a74f",
        "info_type": "info",
        "icon": "hinan-camp-marker.png",
        "icon_url": "https://raw.githubusercontent.com/th-nguyen/cerdar-asset/main/images/hinan-camp-marker.png",
        "name": "東野田公園",
        "description": "避難所"
      },
      "geometry": {
        "type": "Point",
        "coordinates": [
          135.528022575485,
          34.695432014131
        ]
      }
    },
    {
      "type": "Feature",
      "properties": {
        "id": "26b66654-5a2d-4bff-82b0-f9931801a1c7",
        "info_type": "info",
        "icon": "hinan-camp-marker.png",
        "icon_url": "https://raw.githubusercontent.com/th-nguyen/cerdar-asset/main/images/hinan-camp-marker.png",
        "name": "東高等学校",
        "description": "避難所"
      },
      "geometry": {
        "type": "Point",
        "coordinates": [
          135.52848804377,
          34.6998737773128
        ]
      }
    },
    {
      "type": "Feature",
      "properties": {
        "id": "a37b31e3-1ce5-4b5d-8e60-63174a5bd7ec",
        "info_type": "info",
        "icon": "hinan-camp-marker.png",
        "icon_url": "https://raw.githubusercontent.com/th-nguyen/cerdar-asset/main/images/hinan-camp-marker.png",
        "name": "京橋公園",
        "description": "避難所"
      },
      "geometry": {
        "type": "Point",
        "coordinates": [
          135.53111599921,
          34.6976489986215
        ]
      }
    },
    {
      "type": "Feature",
      "properties": {
        "id": "7e5d3a90-ef53-476d-8566-0f72ef4bb345",
        "info_type": "info",
        "icon": "hinan-camp-marker.png",
        "icon_url": "https://raw.githubusercontent.com/th-nguyen/cerdar-asset/main/images/hinan-camp-marker.png",
        "name": "鴫野の森公園",
        "description": "避難所"
      },
      "geometry": {
        "type": "Point",
        "coordinates": [
          135.536870361558,
          34.6911975767941
        ]
      }
    },
    {
      "type": "Feature",
      "properties": {
        "id": "c4a40282-d294-4d2d-81bc-372ca41b5e3b",
        "info_type": "info",
        "icon": "hinan-camp-marker.png",
        "icon_url": "https://raw.githubusercontent.com/th-nguyen/cerdar-asset/main/images/hinan-camp-marker.png",
        "name": "森之宮小学校",
        "description": "避難所"
      },
      "geometry": {
        "type": "Point",
        "coordinates": [
          135.537407878866,
          34.6834001086285
        ]
      }
    },
    {
      "type": "Feature",
      "properties": {
        "id": "f72131bf-65ad-4ba4-be68-b3b1a0eb939e",
        "info_type": "info",
        "icon": "hinan-camp-marker.png",
        "icon_url": "https://raw.githubusercontent.com/th-nguyen/cerdar-asset/main/images/hinan-camp-marker.png",
        "name": "千間川公園",
        "description": "避難所"
      },
      "geometry": {
        "type": "Point",
        "coordinates": [
          135.540431676509,
          34.6832274407008
        ]
      }
    },
    {
      "type": "Feature",
      "properties": {
        "id": "27d90302-0c0f-43f3-8d10-4ef3aa49be1b",
        "info_type": "info",
        "icon": "hinan-camp-marker.png",
        "icon_url": "https://raw.githubusercontent.com/th-nguyen/cerdar-asset/main/images/hinan-camp-marker.png",
        "name": "白山公園",
        "description": "避難所"
      },
      "geometry": {
        "type": "Point",
        "coordinates": [
          135.54064801,
          34.6852138324131
        ]
      }
    },
    {
      "type": "Feature",
      "properties": {
        "id": "fdcc0bc8-3e6e-422e-883d-860f0746dfd1",
        "info_type": "info",
        "icon": "hinan-camp-marker.png",
        "icon_url": "https://raw.githubusercontent.com/th-nguyen/cerdar-asset/main/images/hinan-camp-marker.png",
        "name": "鴫野小学校",
        "description": "避難所"
      },
      "geometry": {
        "type": "Point",
        "coordinates": [
          135.541259325944,
          34.6914145544116
        ]
      }
    },
    {
      "type": "Feature",
      "properties": {
        "id": "af417332-fe1b-4bca-8954-ab7e26c46324",
        "info_type": "info",
        "icon": "hinan-camp-marker.png",
        "icon_url": "https://raw.githubusercontent.com/th-nguyen/cerdar-asset/main/images/hinan-camp-marker.png",
        "name": "鴫野公園",
        "description": "避難所"
      },
      "geometry": {
        "type": "Point",
        "coordinates": [
          135.541409735676,
          34.6919592353244
        ]
      }
    },
    {
      "type": "Feature",
      "properties": {
        "id": "569306f4-841d-4c62-864f-8aa012f301e6",
        "info_type": "info",
        "icon": "hinan-camp-marker.png",
        "icon_url": "https://raw.githubusercontent.com/th-nguyen/cerdar-asset/main/images/hinan-camp-marker.png",
        "name": "鴫野西公園",
        "description": "避難所"
      },
      "geometry": {
        "type": "Point",
        "coordinates": [
          135.541429063108,
          34.6896560510173
        ]
      }
    },
    {
      "type": "Feature",
      "properties": {
        "id": "973e34cc-9313-403a-a1be-3b2a36b83ad4",
        "info_type": "info",
        "icon": "hinan-camp-marker.png",
        "icon_url": "https://raw.githubusercontent.com/th-nguyen/cerdar-asset/main/images/hinan-camp-marker.png",
        "name": "中浜公園",
        "description": "避難所"
      },
      "geometry": {
        "type": "Point",
        "coordinates": [
          135.542064377691,
          34.6869890786486
        ]
      }
    },
    {
      "type": "Feature",
      "properties": {
        "id": "6943b68a-58ba-48be-8439-5a7bab5a7e22",
        "info_type": "info",
        "icon": "hinan-camp-marker.png",
        "icon_url": "https://raw.githubusercontent.com/th-nguyen/cerdar-asset/main/images/hinan-camp-marker.png",
        "name": "中浜中央公園",
        "description": "避難所"
      },
      "geometry": {
        "type": "Point",
        "coordinates": [
          135.542606367338,
          34.6842773971544
        ]
      }
    },
    {
      "type": "Feature",
      "properties": {
        "id": "b30c4704-1ba7-4dd7-9650-f250273ea982",
        "info_type": "info",
        "icon": "hinan-camp-marker.png",
        "icon_url": "https://raw.githubusercontent.com/th-nguyen/cerdar-asset/main/images/hinan-camp-marker.png",
        "name": "中浜小学校",
        "description": "避難所"
      },
      "geometry": {
        "type": "Point",
        "coordinates": [
          135.543526946521,
          34.6856394241827
        ]
      }
    },
    {
      "type": "Feature",
      "properties": {
        "id": "1b2d39ae-2c57-4d19-b207-51b6172679d4",
        "info_type": "info",
        "icon": "hinan-camp-marker.png",
        "icon_url": "https://raw.githubusercontent.com/th-nguyen/cerdar-asset/main/images/hinan-camp-marker.png",
        "name": "東中浜公園",
        "description": "避難所"
      },
      "geometry": {
        "type": "Point",
        "coordinates": [
          135.549246785126,
          34.684950555731
        ]
      }
    },
    {
      "type": "Feature",
      "properties": {
        "id": "dc70e21b-36ef-4b8a-bfb2-90ab06833e31",
        "info_type": "info",
        "icon": "hinan-camp-marker.png",
        "icon_url": "https://raw.githubusercontent.com/th-nguyen/cerdar-asset/main/images/hinan-camp-marker.png",
        "name": "東中浜小学校",
        "description": "避難所"
      },
      "geometry": {
        "type": "Point",
        "coordinates": [
          135.549685147914,
          34.6840847696628
        ]
      }
    },
    {
      "type": "Feature",
      "properties": {
        "id": "462511f6-6909-44e5-87dc-4bc3811d7a03",
        "info_type": "info",
        "icon": "icon_infoTag.png",
        "icon_url": "https://raw.githubusercontent.com/th-nguyen/cerdar-asset/main/images/icon_infoTag.png",
        "name": "1",
        "description": "京阪電鉄の下をくぐるアンダーパス\n　都市部には多くの鉄道が敷設されています．道路渋滞などを招く踏切をなくすため，多くが高架橋で道路と立体交差しています．しかし，部分的に平面に敷設された区間もあり，そのような区間では，踏切だけでなく，線路敷きの下をくぐるアンダーパスとなっている箇所もあります．この地点では，人道のアンダーパスが設置されています．このようなアンダーパスは，集中豪雨などで多量の雨が降ると，冠水し，通行できなくなります．"
      },
      "geometry": {
        "type": "Point",
        "coordinates": [
          135.52182376384735,
          34.69186529064695
        ]
      }
    },
    {
      "type": "Feature",
      "properties": {
        "id": "eea1bd20-d2ee-47f0-876b-bc12a611569a",
        "info_type": "info",
        "icon": "icon_infoTag.png",
        "icon_url": "https://raw.githubusercontent.com/th-nguyen/cerdar-asset/main/images/icon_infoTag.png",
        "name": "3",
        "description": "老朽化した家屋\n　天満地区は，第二次世界大戦後の戦後復興の中で土地区画整理事業がすすめられた地区で，南北の格子状の道路と街区が整備された地区です．現在は，オフィスビルが多く建ち並んでいますが，その一部には，老朽化した家屋が点在しています．地震時に倒壊などが起こると，道の一部をふさいでしまう場合があります．また，屋根瓦が地震の強い揺れで落下してくる危険性もあります．"
      },
      "geometry": {
        "type": "Point",
        "coordinates": [
          135.5197423696518,
          34.694524934898304
        ]
      }
    },
    {
      "type": "Feature",
      "properties": {
        "id": "3fc5e8cd-b9d4-41e6-b1e8-422b549b49b4",
        "info_type": "info",
        "icon": "icon_infoTag.png",
        "icon_url": "https://raw.githubusercontent.com/th-nguyen/cerdar-asset/main/images/icon_infoTag.png",
        "name": "2",
        "description": "川崎橋の橋梁顕彰碑\n　川崎橋は，美しい斜張橋です．大阪百八橋と言われるほど多くの橋がありました．これは，大阪が淀川のデルタ地帯であり，川の分流が多く，人工的な運河もたくさんあったことによります．大阪の主要な橋には，その橋の由来を示した橋梁顕彰碑が設置されている場合があります．そこには，橋の由来だけでなく，災害履歴に関わる記述もあります．川崎橋の橋梁顕彰碑にも，明治18年淀川水害の記述が見られます．河川沿いの公園を出た道路沿いには，旧町名継承碑も設置されています．"
      },
      "geometry": {
        "type": "Point",
        "coordinates": [
          135.5200695991516,
          34.69261511608517
        ]
      }
    },
    {
      "type": "Feature",
      "properties": {
        "id": "adff7137-91d3-4127-8f77-3a921f269820",
        "info_type": "info",
        "icon": "icon_infoTag.png",
        "icon_url": "https://raw.githubusercontent.com/th-nguyen/cerdar-asset/main/images/icon_infoTag.png",
        "name": "5",
        "description": "避難所へのサイン\n　災害時避難所の多くは地区の小学校などが指定されています．地区の住民だけでなく，土地勘のない来訪者に対して，避難場所へ案内するためのサインが電柱などに表示されています．この地点には，災害時避難所である滝川小学校への方向と距離が示されています．"
      },
      "geometry": {
        "type": "Point",
        "coordinates": [
          135.51885724067688,
          34.69519093525217
        ]
      }
    },
    {
      "type": "Feature",
      "properties": {
        "id": "c355e26c-f9ec-4be1-9375-aed1395c31e6",
        "info_type": "info",
        "icon": "icon_infoTag.png",
        "icon_url": "https://raw.githubusercontent.com/th-nguyen/cerdar-asset/main/images/icon_infoTag.png",
        "name": "4",
        "description": "ビルの窓ガラスなどの落下\n　街中にはビルが林立しています．地震時に大きくビルが揺れると，破損した窓ガラスやビルの壁の一部が落下してくることがあります．強い揺れを感じたら，ビルの壁際から離れ，落下物の危険性のない場所を見つけ，身を守ることが大切です．"
      },
      "geometry": {
        "type": "Point",
        "coordinates": [
          135.5188250541687,
          34.69470576996154
        ]
      }
    },
    {
      "type": "Feature",
      "properties": {
        "id": "57497562-7213-4564-9710-dc2a5b39ee7a",
        "info_type": "info",
        "icon": "icon_infoTag.png",
        "icon_url": "https://raw.githubusercontent.com/th-nguyen/cerdar-asset/main/images/icon_infoTag.png",
        "name": "6",
        "description": "災害時避難所としての大阪市立滝川小学校\n　災害時に，住宅が大きな被害を受け，直後の生活ができなくなった天満地域の住民の避難所として滝川小学校が指定されています．地域の街中には公園も少ないことから，災害時に住民の安否確認を行うため，小学校のグラウンドは一時避難場所として位置づけられています．耐震補強された学校の校舎は，水害時避難ビルとなっています．道路に面した学校のフェンスには，避難所であるサインが多言語で示されています．"
      },
      "geometry": {
        "type": "Point",
        "coordinates": [
          135.51842272281647,
          34.69596278326199
        ]
      }
    },
    {
      "type": "Feature",
      "properties": {
        "id": "de27178f-88bc-4069-99a6-9edca888f0ff",
        "info_type": "info",
        "icon": "icon_infoTag.png",
        "icon_url": "https://raw.githubusercontent.com/th-nguyen/cerdar-asset/main/images/icon_infoTag.png",
        "name": "7",
        "description": "天満地区と網島地区の地盤の高さ\n　桜宮橋を渡って大川の東側の都島区域に来ました．天満地区は，上町台地の西側や北側に南北に伸びるかつての砂州で，標高3~5mのやや高い地盤となっていましたが，都島区網島地区は，標高1m前後と河内低地にあたる低い土地です（図2，図３）．このため，淀川の氾濫による浸水をはじめとする水害想定では，この地区は浸水域が広がりやすい場所であることがハザードマップから読み取れます．"
      },
      "geometry": {
        "type": "Point",
        "coordinates": [
          135.5243343114853,
          34.697824009996104
        ]
      }
    },
    {
      "type": "Feature",
      "properties": {
        "id": "bc577b76-9711-414b-b397-a56eb6488d35",
        "info_type": "info",
        "icon": "icon_infoTag.png",
        "icon_url": "https://raw.githubusercontent.com/th-nguyen/cerdar-asset/main/images/icon_infoTag.png",
        "name": "8",
        "description": "都島区由来記\n　「都島」の地名の由来を示しています．その記述の中で，この地域が淀川に沿う多くの中州があった場所であることがわかります．中洲は砂からなる地盤で，地下水が浅い位置にあると，その地盤は地震の強い揺れで地盤液状化が起こりやすく，埋設管の破損や道路の変形，家屋の傾きなどの被害が生じます．"
      },
      "geometry": {
        "type": "Point",
        "coordinates": [
          135.52413046360016,
          34.69686693891801
        ]
      }
    },
    {
      "type": "Feature",
      "properties": {
        "id": "e4cf37f7-cb55-4a36-89e8-aff38600f908",
        "info_type": "info",
        "icon": "icon_infoTag.png",
        "icon_url": "https://raw.githubusercontent.com/th-nguyen/cerdar-asset/main/images/icon_infoTag.png",
        "name": "9",
        "description": "水防碑\n　大川に沿う河川公園の中に「水防碑」が設置されています．これは大阪市が1980年に設置したもので，この地域の水害の履歴などが示されています．明治18年（1885年）の淀川洪水で，枚方から都島の地域まで広く浸水被害が発生しました．知事の判断で，網島地区の堤防を切り氾濫した水を大川に排水する処置（わざと切れ）が行われました．"
      },
      "geometry": {
        "type": "Point",
        "coordinates": [
          135.5231809616089,
          34.694846909248504
        ]
      }
    },
    {
      "type": "Feature",
      "properties": {
        "id": "77253499-d4d8-4ce8-a09f-db2516fbd007",
        "info_type": "info",
        "icon": "icon_infoTag.png",
        "icon_url": "https://raw.githubusercontent.com/th-nguyen/cerdar-asset/main/images/icon_infoTag.png",
        "name": "10",
        "description": "鉄道の高架区間\n　まち歩きの最初に見た鉄道をくぐるアンダーパス部分に比べて，鉄道は高架橋となっています．しかし，高架の下部分は，倉庫などに活用され，自由に高架の下をくぐっていけるわけではありません．このように鉄道は，地区を分ける構造物となっていて，災害時には避難時のバリアとなります．"
      },
      "geometry": {
        "type": "Point",
        "coordinates": [
          135.52383542060852,
          34.69298120486066
        ]
      }
    },
    {
      "type": "Feature",
      "properties": {
        "id": "5dd5c389-58fc-4ddc-8d04-e9e334e9bad7",
        "info_type": "info",
        "icon": "icon_infoTag.png",
        "icon_url": "https://raw.githubusercontent.com/th-nguyen/cerdar-asset/main/images/icon_infoTag.png",
        "name": "3",
        "description": "指定避難所へのサイン"
      },
      "geometry": {
        "type": "Point",
        "coordinates": [
          135.501047372818,
          34.59478059328729
        ]
      }
    },
    {
      "type": "Feature",
      "properties": {
        "id": "251a2df5-22f6-4454-85a2-fd2cbed50402",
        "info_type": "info",
        "icon": "icon_infoTag.png",
        "icon_url": "https://raw.githubusercontent.com/th-nguyen/cerdar-asset/main/images/icon_infoTag.png",
        "name": "2",
        "description": "JR阪和踏切",
        "group": "杉本キャンパス"
      },
      "geometry": {
        "type": "Point",
        "coordinates": [
          135.5032253265381,
          34.594263928449784
        ]
      }
    },
    {
      "type": "Feature",
      "properties": {
        "id": "38d54399-aa61-45f1-9536-62992d6a4fdb",
        "info_type": "info",
        "icon": "aed-marker.png",
        "icon_url": "https://raw.githubusercontent.com/th-nguyen/cerdar-asset/main/images/aed-marker.png",
        "name": "AED@JR杉本町駅",
        "description": "AEDの使い方-私たちの勇気で救える命がある「かながわ☆スポットライト」かなチャンTV（神奈川県公式）",
        "pic_type": "movie",
        "movie": "https://www.youtube.com/embed/E8ppjdC55O4",
        "group": "杉本キャンパス"
      },
      "geometry": {
        "type": "Point",
        "coordinates": [
          135.503529,
          34.594172
        ]
      }
    },
    {
      "type": "Feature",
      "properties": {
        "id": "a200302a-ae54-45bc-8bcb-3c4433c76cff",
        "info_type": "info",
        "icon": "bouka-marker.png",
        "icon_url": "https://raw.githubusercontent.com/th-nguyen/cerdar-asset/main/images/bouka-marker.png",
        "name": "井戸@第2体育館横",
        "description": "井戸@第2体育館横",
        "pic_type": "photo",
        "photo": "https://www.cerd.osaka-cu.ac.jp/cerdar_pics/Sugimoto/IMG_0510.JPG",
        "group": "杉本キャンパス"
      },
      "geometry": {
        "type": "Point",
        "coordinates": [
          135.508435,
          34.592648
        ]
      }
    },
    {
      "type": "Feature",
      "properties": {
        "id": "62f9a146-eac9-4d90-8c45-f44b4da94aa9",
        "info_type": "info",
        "icon": "bouka-marker.png",
        "icon_url": "https://raw.githubusercontent.com/th-nguyen/cerdar-asset/main/images/bouka-marker.png",
        "name": "消火栓@杉本町公園近く",
        "description": "消火栓@杉本町公園近く",
        "pic_type": "photo",
        "photo": "https://www.cerd.osaka-cu.ac.jp/cerdar_pics/Sugimoto/IMG_0507.JPG",
        "group": "杉本キャンパス"
      },
      "geometry": {
        "type": "Point",
        "coordinates": [
          135.506588,
          34.594491
        ]
      }
    },
    {
      "type": "Feature",
      "properties": {
        "id": "85275673-3875-4fe8-95c7-f365a239e1bd",
        "info_type": "info",
        "icon": "hinan-camp-marker.png",
        "icon_url": "https://raw.githubusercontent.com/th-nguyen/cerdar-asset/main/images/hinan-camp-marker.png",
        "name": "一時避難所@杉本町公園",
        "description": "一時避難所@杉本町公園"
      },
      "geometry": {
        "type": "Point",
        "coordinates": [
          135.506935,
          34.595003
        ]
      }
    },
    {
      "type": "Feature",
      "properties": {
        "id": "6a48367c-addc-4918-af02-993f1e510e2e",
        "info_type": "info",
        "icon": "medicine-marker.png",
        "icon_url": "https://raw.githubusercontent.com/th-nguyen/cerdar-asset/main/images/medicine-marker.png",
        "name": "医療法人鹿野苑河野クリニック",
        "description": "〒558-0022 大阪府大阪市住吉区杉本２丁目２０"
      },
      "geometry": {
        "type": "Point",
        "coordinates": [
          135.505616,
          34.596731
        ]
      }
    },
    {
      "type": "Feature",
      "properties": {
        "id": "af3a46d3-5c10-4a78-b981-6c70ffc28d20",
        "info_type": "info",
        "icon": "medicine-marker.png",
        "icon_url": "https://raw.githubusercontent.com/th-nguyen/cerdar-asset/main/images/medicine-marker.png",
        "name": "保険管理センター",
        "description": "保険管理センター",
        "group": "杉本キャンパス"
      },
      "geometry": {
        "type": "Point",
        "coordinates": [
          135.504319,
          34.591397
        ]
      }
    },
    {
      "type": "Feature",
      "properties": {
        "id": "058df85c-e6e4-4841-97b7-7931f07983ba",
        "info_type": "info",
        "icon": "hinan-camp-marker.png",
        "icon_url": "https://raw.githubusercontent.com/th-nguyen/cerdar-asset/main/images/hinan-camp-marker.png",
        "name": "収容避難所@大阪市立依羅小学校",
        "description": "収容避難所@大阪市立依羅小学校"
      },
      "geometry": {
        "type": "Point",
        "coordinates": [
          135.50577878952026,
          34.59767738961002
        ]
      }
    },
    {
      "type": "Feature",
      "properties": {
        "id": "bf81aec0-090c-4c26-89c5-133cc4b017a2",
        "info_type": "info",
        "icon": "bouka-marker.png",
        "icon_url": "https://raw.githubusercontent.com/th-nguyen/cerdar-asset/main/images/bouka-marker.png",
        "name": "プール@大阪市立依羅小学校",
        "description": "プール@大阪市立依羅小学校"
      },
      "geometry": {
        "type": "Point",
        "coordinates": [
          135.50596117973328,
          34.59789817786933
        ]
      }
    },
    {
      "type": "Feature",
      "properties": {
        "id": "9cb559d1-788e-402b-b18a-3a04759d0ad7",
        "info_type": "info",
        "icon": "aed-marker.png",
        "icon_url": "https://raw.githubusercontent.com/th-nguyen/cerdar-asset/main/images/aed-marker.png",
        "name": "AED",
        "description": "AEDの使い方-私たちの勇気で救える命がある「かながわ☆スポットライト」かなチャンTV（神奈川県公式）",
        "pic_type": "movie",
        "movie": "https://www.youtube.com/embed/E8ppjdC55O4",
        "group": "杉本キャンパス"
      },
      "geometry": {
        "type": "Point",
        "coordinates": [
          135.502861,
          34.593343
        ]
      }
    },
    {
      "type": "Feature",
      "properties": {
        "id": "38aff907-bb19-466f-8ecd-309ee101bee6",
        "info_type": "info",
        "icon": "icon_infoTag.png",
        "icon_url": "https://raw.githubusercontent.com/th-nguyen/cerdar-asset/main/images/icon_infoTag.png",
        "name": "ポイント2： 御田と細井川の沖積低地",
        "description": "沖積低地は川沿いや海岸沿いに広がる氾濫が繰り返される低平地です。このような場所は水田利用がされています。",
        "pic_type": "movie",
        "movie": "https://www.youtube.com/embed/ckQAKZ7Prk4"
      },
      "geometry": {
        "type": "Point",
        "coordinates": [
          135.4924589395523,
          34.61168303433383
        ]
      }
    },
    {
      "type": "Feature",
      "properties": {
        "id": "6a46bd27-6cd1-40c8-9c61-69f8c967a935",
        "info_type": "info",
        "icon": "icon_infoTag.png",
        "icon_url": "https://raw.githubusercontent.com/th-nguyen/cerdar-asset/main/images/icon_infoTag.png",
        "name": "ポイント1-2 ：住吉大社（上町断層と地形）",
        "description": "上町台地の西側を南北に走る上町断層の活動を示す段差が、大社の本殿と太鼓橋との間にみられます。",
        "pic_type": "movie",
        "movie": "https://www.youtube.com/embed/oUCCsbq0em4"
      },
      "geometry": {
        "type": "Point",
        "coordinates": [
          135.49197326,
          34.61265426
        ]
      }
    },
    {
      "type": "Feature",
      "properties": {
        "id": "e999dd68-b787-420b-aed3-1985aaad051a",
        "info_type": "info",
        "icon": "icon_infoTag.png",
        "icon_url": "https://raw.githubusercontent.com/th-nguyen/cerdar-asset/main/images/icon_infoTag.png",
        "name": "ポイント1 ： 住吉大社大鳥居",
        "description": "住吉大社の玄関口にあたります。かつて、この西側は海岸に面していました。かつての光景が、記念碑などに示されています。",
        "pic_type": "movie",
        "movie": "https://www.youtube.com/embed/n5OUdjr3cFc"
      },
      "geometry": {
        "type": "Point",
        "coordinates": [
          135.49133777618408,
          34.61269848418436
        ]
      }
    },
    {
      "type": "Feature",
      "properties": {
        "id": "14d13b37-a6f6-45be-82d2-bf066df3a3a6",
        "info_type": "info",
        "icon": "icon_infoTag.png",
        "icon_url": "https://raw.githubusercontent.com/th-nguyen/cerdar-asset/main/images/icon_infoTag.png",
        "name": "ポイント3： 浅澤神社（細井川）",
        "description": "かつてのカキツバタの名勝で、上町台地を削る細井川（細江川）の低湿地の様子を残しています。",
        "pic_type": "movie",
        "movie": "https://www.youtube.com/embed/7cJNM_Od-iQ"
      },
      "geometry": {
        "type": "Point",
        "coordinates": [
          135.49438957,
          34.6108876
        ]
      }
    },
    {
      "type": "Feature",
      "properties": {
        "id": "15867876-aa7f-4384-8b65-a353f610b1b2",
        "info_type": "info",
        "icon": "icon_infoTag.png",
        "icon_url": "https://raw.githubusercontent.com/th-nguyen/cerdar-asset/main/images/icon_infoTag.png",
        "name": "ポイント8： 長屋と空き家問題",
        "description": "この地点には空き家となった長屋住宅が残されています。老朽化した状態を観察できます。古くからの長屋地区には高齢者独居や空き家問題があります。",
        "pic_type": "movie",
        "movie": "https://www.youtube.com/embed/Bp3GErWAVZ8"
      },
      "geometry": {
        "type": "Point",
        "coordinates": [
          135.4946541,
          34.60475537
        ]
      }
    },
    {
      "type": "Feature",
      "properties": {
        "id": "592b63b9-d45c-477c-851e-eb27147dc058",
        "info_type": "info",
        "icon": "hinan-camp-marker.png",
        "icon_url": "https://raw.githubusercontent.com/th-nguyen/cerdar-asset/main/images/hinan-camp-marker.png",
        "name": "ポイント11： 沢之町公園（広域避難場所）",
        "description": "広域避難場所としての沢之町公園にはマンホールトイレや非常時の貯水槽が設置されています。ここは低い土地なので水害時には避難場所として利用できません。",
        "pic_type": "movie",
        "movie": "https://www.youtube.com/embed/-3-foRCzub8"
      },
      "geometry": {
        "type": "Point",
        "coordinates": [
          135.501215,
          34.604512
        ]
      }
    },
    {
      "type": "Feature",
      "properties": {
        "id": "ba4978e5-ea46-4c4b-bb08-46a72208088e",
        "info_type": "info",
        "icon": "icon_infoTag.png",
        "icon_url": "https://raw.githubusercontent.com/th-nguyen/cerdar-asset/main/images/icon_infoTag.png",
        "name": "ポイント12 ： 耐震性貯水槽",
        "description": "災害備蓄倉庫",
        "pic_type": "movie",
        "movie": "https://www.youtube.com/embed/IQ3-PVTbgM0"
      },
      "geometry": {
        "type": "Point",
        "coordinates": [
          135.501344,
          34.604512
        ]
      }
    },
    {
      "type": "Feature",
      "properties": {
        "id": "abd2b642-c281-420e-9d18-c5187d97845c",
        "info_type": "info",
        "icon": "hinan-camp-marker.png",
        "icon_url": "https://raw.githubusercontent.com/th-nguyen/cerdar-asset/main/images/hinan-camp-marker.png",
        "name": "災害時避難所",
        "description": "災害時避難所"
      },
      "geometry": {
        "type": "Point",
        "coordinates": [
          135.49368739128113,
          34.61127685091584
        ]
      }
    },
    {
      "type": "Feature",
      "properties": {
        "id": "6d8c9316-2142-4847-8878-ff55ca2e6ade",
        "info_type": "info",
        "icon": "hinan-bldg-marker.png",
        "icon_url": "https://raw.githubusercontent.com/th-nguyen/cerdar-asset/main/images/hinan-bldg-marker.png",
        "name": "水害時避難ビル",
        "description": "水害時避難ビル"
      },
      "geometry": {
        "type": "Point",
        "coordinates": [
          135.4941165447235,
          34.606159652644415
        ]
      }
    },
    {
      "type": "Feature",
      "properties": {
        "id": "f6b8d1ea-c38f-4381-80d2-560f0563c08e",
        "info_type": "info",
        "icon": "bouka-marker.png",
        "icon_url": "https://raw.githubusercontent.com/th-nguyen/cerdar-asset/main/images/bouka-marker.png",
        "name": "防火水槽",
        "description": "防火水槽"
      },
      "geometry": {
        "type": "Point",
        "coordinates": [
          135.4939877986908,
          34.60690583838359
        ]
      }
    },
    {
      "type": "Feature",
      "properties": {
        "id": "f8f64238-311d-4dfe-9f67-63d2bd87b054",
        "info_type": "info",
        "icon": "hinan-camp-marker.png",
        "icon_url": "https://raw.githubusercontent.com/th-nguyen/cerdar-asset/main/images/hinan-camp-marker.png",
        "name": "災害時避難所",
        "description": "災害時避難所"
      },
      "geometry": {
        "type": "Point",
        "coordinates": [
          135.49401998519897,
          34.606402494893224
        ]
      }
    },
    {
      "type": "Feature",
      "properties": {
        "id": "af973db8-9cf0-4a34-885e-825986dfa1de",
        "info_type": "info",
        "icon": "bouka-marker.png",
        "icon_url": "https://raw.githubusercontent.com/th-nguyen/cerdar-asset/main/images/bouka-marker.png",
        "name": "防火水槽",
        "description": "防火水槽"
      },
      "geometry": {
        "type": "Point",
        "coordinates": [
          135.49726009368896,
          34.60471141503212
        ]
      }
    },
    {
      "type": "Feature",
      "properties": {
        "id": "b04a6d58-069a-4bb2-8df6-b252aa69299b",
        "info_type": "info",
        "icon": "bouka-marker.png",
        "icon_url": "https://raw.githubusercontent.com/th-nguyen/cerdar-asset/main/images/bouka-marker.png",
        "name": "防火水槽",
        "description": "防火水槽"
      },
      "geometry": {
        "type": "Point",
        "coordinates": [
          135.50020515918732,
          34.60460544543465
        ]
      }
    },
    {
      "type": "Feature",
      "properties": {
        "id": "56bb1635-2f3b-47a4-879f-bc6393867764",
        "info_type": "info",
        "icon": "bouka-marker.png",
        "icon_url": "https://raw.githubusercontent.com/th-nguyen/cerdar-asset/main/images/bouka-marker.png",
        "name": "防火水槽",
        "description": "防火水槽"
      },
      "geometry": {
        "type": "Point",
        "coordinates": [
          135.50088107585907,
          34.60374885289059
        ]
      }
    },
    {
      "type": "Feature",
      "properties": {
        "id": "874074ed-ccee-4f56-b78f-e1b881e309fa",
        "info_type": "info",
        "icon": "aed-marker.png",
        "icon_url": "https://raw.githubusercontent.com/th-nguyen/cerdar-asset/main/images/aed-marker.png",
        "name": "AED",
        "description": "校内の設置場所については不明",
        "pic_type": "movie",
        "movie": "https://www.youtube.com/embed/E8ppjdC55O4"
      },
      "geometry": {
        "type": "Point",
        "coordinates": [
          135.4940414428711,
          34.60629211214089
        ]
      }
    },
    {
      "type": "Feature",
      "properties": {
        "id": "faa04b46-7dc7-4f7a-b829-1b80d6b05b96",
        "info_type": "info",
        "icon": "aed-marker.png",
        "icon_url": "https://raw.githubusercontent.com/th-nguyen/cerdar-asset/main/images/aed-marker.png",
        "name": "AED",
        "description": "構内の設置場所については不明",
        "pic_type": "movie",
        "movie": "https://www.youtube.com/embed/E8ppjdC55O4"
      },
      "geometry": {
        "type": "Point",
        "coordinates": [
          135.50030708312988,
          34.6038724853498
        ]
      }
    },
    {
      "type": "Feature",
      "properties": {
        "id": "843cc37d-78db-4efb-ad4a-c678bffb6602",
        "info_type": "info",
        "icon": "aed-marker.png",
        "icon_url": "https://raw.githubusercontent.com/th-nguyen/cerdar-asset/main/images/aed-marker.png",
        "name": "AED",
        "description": "構内の設置場所については不明",
        "pic_type": "movie",
        "movie": "https://www.youtube.com/embed/E8ppjdC55O4"
      },
      "geometry": {
        "type": "Point",
        "coordinates": [
          135.50066113471985,
          34.60426104330894
        ]
      }
    },
    {
      "type": "Feature",
      "properties": {
        "id": "c1119069-268d-431c-94f8-6095a8cf4108",
        "info_type": "info",
        "icon": "medicine-marker.png",
        "icon_url": "https://raw.githubusercontent.com/th-nguyen/cerdar-asset/main/images/medicine-marker.png",
        "name": "権藤診療所（内科）",
        "description": "権藤診療所（内科）"
      },
      "geometry": {
        "type": "Point",
        "coordinates": [
          135.50131022930142,
          34.59631290514684
        ]
      }
    },
    {
      "type": "Feature",
      "properties": {
        "id": "095ab230-9e58-43cd-917b-70d36b811b65",
        "info_type": "info",
        "icon": "bouka-marker.png",
        "icon_url": "https://raw.githubusercontent.com/th-nguyen/cerdar-asset/main/images/bouka-marker.png",
        "name": "消火栓@杉本町公園近く",
        "description": "消火栓@杉本町公園近く",
        "pic_type": "photo",
        "photo": "https://www.cerd.osaka-cu.ac.jp/cerdar_pics/Sugimoto/IMG_0507.JPG"
      },
      "geometry": {
        "type": "Point",
        "coordinates": [
          135.50689458847046,
          34.595076459738756
        ]
      }
    },
    {
      "type": "Feature",
      "properties": {
        "id": "7b324f1b-c790-4b2e-b9c4-f1648dd04d6f",
        "info_type": "info",
        "icon": "hinan-bldg-marker.png",
        "icon_url": "https://raw.githubusercontent.com/th-nguyen/cerdar-asset/main/images/hinan-bldg-marker.png",
        "name": "避難ビル",
        "description": "避難ビル",
        "pic_type": "photo",
        "photo": ""
      },
      "geometry": {
        "type": "Point",
        "coordinates": [
          135.5060362815857,
          34.597650894979445
        ]
      }
    },
    {
      "type": "Feature",
      "properties": {
        "id": "f0b9469a-54cd-40c4-8eef-6ee3d40731a5",
        "info_type": "info",
        "icon": "bouka-marker.png",
        "icon_url": "https://raw.githubusercontent.com/th-nguyen/cerdar-asset/main/images/bouka-marker.png",
        "name": "防火水槽",
        "description": "防火水槽"
      },
      "geometry": {
        "type": "Point",
        "coordinates": [
          135.50013542175293,
          34.59574325937014
        ]
      }
    },
    {
      "type": "Feature",
      "properties": {
        "id": "f32fb5ba-67c5-48d7-9173-c3e1d2c3077d",
        "info_type": "info",
        "icon": "bouka-marker.png",
        "icon_url": "https://raw.githubusercontent.com/th-nguyen/cerdar-asset/main/images/bouka-marker.png",
        "name": "防火水槽",
        "description": "防火水槽"
      },
      "geometry": {
        "type": "Point",
        "coordinates": [
          135.50004959106445,
          34.59697086323637
        ]
      }
    },
    {
      "type": "Feature",
      "properties": {
        "id": "aefdf231-801d-4d80-9b8f-ebc29f83246c",
        "info_type": "info",
        "icon": "hinan-bldg-marker.png",
        "icon_url": "https://raw.githubusercontent.com/th-nguyen/cerdar-asset/main/images/hinan-bldg-marker.png",
        "name": "避難ビル",
        "description": "避難ビル"
      },
      "geometry": {
        "type": "Point",
        "coordinates": [
          135.50008177757263,
          34.59631732099033
        ]
      }
    },
    {
      "type": "Feature",
      "properties": {
        "id": "6c95ee52-f53f-46e4-9406-0e9379fe6ae0",
        "info_type": "info",
        "icon": "hinan-camp-marker.png",
        "icon_url": "https://raw.githubusercontent.com/th-nguyen/cerdar-asset/main/images/hinan-camp-marker.png",
        "name": "浪速中学校・高等学校",
        "description": ""
      },
      "geometry": {
        "type": "Point",
        "coordinates": [
          135.50059139728546,
          34.59834416836305
        ]
      }
    },
    {
      "type": "Feature",
      "properties": {
        "id": "7dae5ed4-802a-47cf-8324-e49dadf68967",
        "info_type": "info",
        "icon": "hinan-camp-marker.png",
        "icon_url": "https://raw.githubusercontent.com/th-nguyen/cerdar-asset/main/images/hinan-camp-marker.png",
        "name": "山之内小学校",
        "description": ""
      },
      "geometry": {
        "type": "Point",
        "coordinates": [
          135.50044119358063,
          34.595950805183016
        ]
      }
    },
    {
      "type": "Feature",
      "properties": {
        "id": "3d7f417c-eeaa-4fac-8dc1-20b8406941d9",
        "info_type": "info",
        "icon": "icon_infoTag.png",
        "icon_url": "https://raw.githubusercontent.com/th-nguyen/cerdar-asset/main/images/icon_infoTag.png",
        "name": "6",
        "description": "堤防安泰祈願の碑・水防碑\nこの地点は，上町台地の西側低地になり，高さ約10mの堤防によって，大和川と市街地が区切られています．この箇所はかつて，住之江区にまで浸水被害をもたらした大和川氾濫箇所でもあります．\n堤防安泰祈願の碑は，お地蔵様の祀られた祠の横にあり，明治はじめの大和川氾濫が示され，今後の堤防決壊がないことを祈願すると示されています．\n水防碑は，大阪市が設置した災害啓発の碑で，明治初めにこのあたりの堤防が決壊して生じた大和川の氾濫が示されています．\nこの付近の台地西端に沿って，上町断層が南北に走っています．"
      },
      "geometry": {
        "type": "Point",
        "coordinates": [
          135.49380540847778,
          34.595981716217146
        ]
      }
    },
    {
      "type": "Feature",
      "properties": {
        "id": "dad85300-59d3-4359-9e2b-4081931dd531",
        "info_type": "info",
        "icon": "icon_infoTag.png",
        "icon_url": "https://raw.githubusercontent.com/th-nguyen/cerdar-asset/main/images/icon_infoTag.png",
        "name": "4",
        "description": "老朽化した木造家屋\nかつての大阪は，長屋が建ち並ぶ街並みが代表的でした．この地域には，まだ長屋が一部に残されています．地震時の倒壊や火災での延焼の可能性が高い箇所と言えます．"
      },
      "geometry": {
        "type": "Point",
        "coordinates": [
          135.4980969429016,
          34.59423301677644
        ]
      }
    },
    {
      "type": "Feature",
      "properties": {
        "id": "6f822c60-cbaa-41a9-aa7f-a18ab2b4eede",
        "info_type": "info",
        "icon": "icon_infoTag.png",
        "icon_url": "https://raw.githubusercontent.com/th-nguyen/cerdar-asset/main/images/icon_infoTag.png",
        "name": "5",
        "description": "台地と大和川\nこの地点は，江戸時代の大和川構築で，台地を掘り込んだ区間の西端あたりになります．このため，河川沿いにある堤防はなく，掘り込まれた斜面を降りると大和川の河川敷に出ます．"
      },
      "geometry": {
        "type": "Point",
        "coordinates": [
          135.4958063364029,
          34.595363493348756
        ]
      }
    },
    {
      "type": "Feature",
      "properties": {
        "id": "9543042d-b7e6-49f8-9d8e-72a88b053c9d",
        "info_type": "info",
        "icon": "icon_infoTag.png",
        "icon_url": "https://raw.githubusercontent.com/th-nguyen/cerdar-asset/main/images/icon_infoTag.png",
        "name": "8",
        "description": "山ノ内小学校サイン\n災害時避難所となっている山之内小学校のサインがあります．避難所であることは多言語で示されています．"
      },
      "geometry": {
        "type": "Point",
        "coordinates": [
          135.5001300573349,
          34.59672799340747
        ]
      }
    },
    {
      "type": "Feature",
      "properties": {
        "id": "b158c164-dd2b-465b-a7ba-3e20354f2109",
        "info_type": "info",
        "icon": "icon_infoTag.png",
        "icon_url": "https://raw.githubusercontent.com/th-nguyen/cerdar-asset/main/images/icon_infoTag.png",
        "name": "災害用井戸",
        "description": "災害用井戸",
        "group": "杉本キャンパス"
      },
      "geometry": {
        "type": "Point",
        "coordinates": [
          135.50660774299564,
          34.592445549039915
        ]
      }
    },
    {
      "type": "Feature",
      "properties": {
        "id": "6374bf73-07c2-4e4d-a192-333a32ebab88",
        "info_type": "info",
        "icon": "icon_infoTag.png",
        "icon_url": "https://raw.githubusercontent.com/th-nguyen/cerdar-asset/main/images/icon_infoTag.png",
        "name": "7",
        "description": "コンクリートブロック塀"
      },
      "geometry": {
        "type": "Point",
        "coordinates": [
          135.4998618364334,
          34.59759348991759
        ]
      }
    },
    {
      "type": "Feature",
      "properties": {
        "id": "9c1147fb-8de0-4e07-a7a6-bb3dbc39210f",
        "info_type": "info",
        "icon": "bouka-marker.png",
        "icon_url": "https://raw.githubusercontent.com/th-nguyen/cerdar-asset/main/images/bouka-marker.png",
        "name": "井戸＠守衛室裏",
        "description": "大阪市立大学旧教養地区内の災害用井戸です．飲用はできませんが雑用水として使えます．",
        "pic_type": "photo",
        "photo": "https://www.cerd.osaka-cu.ac.jp/cerdar_pics/Sugimoto/IMG_0508.JPG",
        "group": "杉本キャンパス"
      },
      "geometry": {
        "type": "Point",
        "coordinates": [
          135.506598,
          34.592323
        ]
      }
    },
    {
      "type": "Feature",
      "properties": {
        "id": "b5e58b40-5269-4741-8f7d-12c3a3ec1faf",
        "info_type": "info",
        "icon": "bouka-marker.png",
        "icon_url": "https://raw.githubusercontent.com/th-nguyen/cerdar-asset/main/images/bouka-marker.png",
        "name": "防火水槽@学術情報総合センター",
        "description": "防火水槽@学術情報総合センター",
        "pic_type": "movie",
        "movie": "https://www.youtube.com/embed/rXpGw1tvoSk",
        "group": "杉本キャンパス"
      },
      "geometry": {
        "type": "Point",
        "coordinates": [
          135.5055154049271,
          34.59235192741229
        ]
      }
    },
    {
      "type": "Feature",
      "properties": {
        "id": "475d9e4f-0d0e-420a-9b24-d16daa931dd6",
        "info_type": "info",
        "icon": "medicine-marker.png",
        "icon_url": "https://raw.githubusercontent.com/th-nguyen/cerdar-asset/main/images/medicine-marker.png",
        "name": "保険管理センター（デモ用）",
        "description": "保険管理センター（デモ用）",
        "pic_type": "movie",
        "movie": "https://www.youtube.com/embed/rXpGw1tvoSk",
        "group": "杉本キャンパス"
      },
      "geometry": {
        "type": "Point",
        "coordinates": [
          135.50550128755154,
          34.5922329150984
        ]
      }
    },
    {
      "type": "Feature",
      "properties": {
        "id": "479c197c-0deb-4bb4-96cb-33d1e22da665",
        "info_type": "info",
        "icon": "aed-marker.png",
        "icon_url": "https://raw.githubusercontent.com/th-nguyen/cerdar-asset/main/images/aed-marker.png",
        "name": "AED",
        "description": "学生サポートセンター内",
        "pic_type": "movie",
        "movie": "https://www.youtube.com/embed/E8ppjdC55O4",
        "group": "杉本キャンパス"
      },
      "geometry": {
        "type": "Point",
        "coordinates": [
          135.50453237817598,
          34.59161459449605
        ]
      }
    },
    {
      "type": "Feature",
      "properties": {
        "id": "f1810746-e7a6-41a9-9996-1d455215a573",
        "info_type": "info",
        "icon": "keisatu-marker.png",
        "icon_url": "https://raw.githubusercontent.com/th-nguyen/cerdar-asset/main/images/keisatu-marker.png",
        "name": "交番",
        "description": "杉本町駅前の交番",
        "pic_type": "movie",
        "movie": "https://www.youtube-nocookie.com/embed/rXpGw1tvoSk",
        "group": "杉本キャンパス"
      },
      "geometry": {
        "type": "Point",
        "coordinates": [
          135.505376458168,
          34.592466616334164
        ]
      }
    },
    {
      "type": "Feature",
      "properties": {
        "id": "ebdd9c88-f7b6-4fe2-a6a7-0642ef63ed23",
        "info_type": "info",
        "icon": "icon_infoTag.png",
        "icon_url": "https://raw.githubusercontent.com/th-nguyen/cerdar-asset/main/images/icon_infoTag.png",
        "name": "1",
        "description": "電柱の浸水深サイン",
        "group": "杉本キャンパス"
      },
      "geometry": {
        "type": "Point",
        "coordinates": [
          135.50473272800443,
          34.59420210509157
        ]
      }
    },
    {
      "type": "Feature",
      "properties": {
        "id": "33c3fd52-f852-410c-9c59-70d9e40e8ccd",
        "info_type": "info",
        "icon": "bouka-marker.png",
        "icon_url": "https://raw.githubusercontent.com/th-nguyen/cerdar-asset/main/images/bouka-marker.png",
        "name": "防火水そう",
        "description": "防火水そう",
        "pic_type": "photo",
        "photo": "https://www.cerd.osaka-cu.ac.jp/cerdar_pics/Sugimoto/IMG_0508.JPG"
      },
      "geometry": {
        "type": "Point",
        "coordinates": [
          135.495167,
          34.706111
        ]
      }
    },
    {
      "type": "Feature",
      "properties": {
        "id": "c6dea5b0-14c4-45fd-a666-feca73785c17",
        "info_type": "info",
        "icon": "hinan-bldg-marker.png",
        "icon_url": "https://raw.githubusercontent.com/th-nguyen/cerdar-asset/main/images/hinan-bldg-marker.png",
        "name": "避難ビル",
        "description": ""
      },
      "geometry": {
        "type": "Point",
        "coordinates": [
          135.47974526882172,
          34.5760858796269
        ]
      }
    },
    {
      "type": "Feature",
      "properties": {
        "id": "24bb1032-f8a8-49eb-859a-97b5c8428295",
        "info_type": "info",
        "icon": "hinan-camp-marker.png",
        "icon_url": "https://raw.githubusercontent.com/th-nguyen/cerdar-asset/main/images/hinan-camp-marker.png",
        "name": "2 熊野小学校",
        "description": "熊野(ゆや)小学校は災害時避難場所・指定避難所・津波避難ビルを兼ねた施設とな っています.正門には，それらのサインや南 海トラフ地震の津波の浸水想定図面が掲示 されています."
      },
      "geometry": {
        "type": "Point",
        "coordinates": [
          135.47944486141205,
          34.57588270112327
        ]
      }
    },
    {
      "type": "Feature",
      "properties": {
        "id": "08e2b7b6-bd20-49fc-9f93-1d7642dea8a6",
        "info_type": "info",
        "icon": "icon_infoTag.png",
        "icon_url": "https://raw.githubusercontent.com/th-nguyen/cerdar-asset/main/images/icon_infoTag.png",
        "name": "4",
        "description": "土居川公園。土居川は，かつての堺の町を取り囲んで\nいた掘割です.この辺りは，この川よりも西 側が旧堺の町中となっていました.東側に は明治ごろまでは三国の台地との間に，低 地が広がり田んぼとなっていました.この ような掘割を埋めた箇所は，地震時に地盤 液状化の危険性があります."
      },
      "geometry": {
        "type": "Point",
        "coordinates": [
          135.4804006073152,
          34.57613259732974
        ]
      }
    },
    {
      "type": "Feature",
      "properties": {
        "id": "6f2cb6df-5a44-48ba-b8bf-0c86446549ae",
        "info_type": "info",
        "icon": "icon_infoTag.png",
        "icon_url": "https://raw.githubusercontent.com/th-nguyen/cerdar-asset/main/images/icon_infoTag.png",
        "name": "6",
        "description": "上町断層の断層変位地形。三国の台地の西端には南北に延びる活断層である上町断層が存在します．上町断層は東側の台地を隆起させています．この断層運動によって，台地の西端は台地の面が大きく西側に撓んでいます．三国ヶ丘高校あたりまで来ると，平坦な台地面が広がっています．"
      },
      "geometry": {
        "type": "Point",
        "coordinates": [
          135.4853249093827,
          34.5748601350875
        ]
      }
    },
    {
      "type": "Feature",
      "properties": {
        "id": "d884b792-2c08-42c9-812b-cf85357d091c",
        "info_type": "info",
        "icon": "hinan-camp-marker.png",
        "icon_url": "https://raw.githubusercontent.com/th-nguyen/cerdar-asset/main/images/hinan-camp-marker.png",
        "name": "8 三国ヶ丘高等学校",
        "description": "三国ヶ丘高校も指定避難所の一つです．小学校は各地区の主要な避難所ですが，中学校や高等学校なども，補助的な避難所となり，災害時に活用できる施設となります．"
      },
      "geometry": {
        "type": "Point",
        "coordinates": [
          135.4872978875135,
          34.57394283153442
        ]
      }
    },
    {
      "type": "Feature",
      "properties": {
        "id": "150c7ca3-24ac-4869-a09c-16882e0926c8",
        "info_type": "info",
        "icon": "hinan-camp-marker.png",
        "icon_url": "https://raw.githubusercontent.com/th-nguyen/cerdar-asset/main/images/hinan-camp-marker.png",
        "name": "9 榎元町公園",
        "description": "この公園は台地を刻む谷にあり，かつて，ここにはため池がありました．そのため池を埋め立てて公園ができています．地区の一時避難場所となりますが，この場所は，地震時に，地盤液状化が発生する可能性があります．"
      },
      "geometry": {
        "type": "Point",
        "coordinates": [
          135.4878212697526,
          34.57116633690505
        ]
      }
    },
    {
      "type": "Feature",
      "properties": {
        "id": "f6e9b30d-083a-4711-8da8-1064c981ae70",
        "info_type": "info",
        "icon": "icon_infoTag.png",
        "icon_url": "https://raw.githubusercontent.com/th-nguyen/cerdar-asset/main/images/icon_infoTag.png",
        "name": "10",
        "description": "西高野街道（竹ノ内街道）。台地を刻む谷に沿って西高野街道が通っています．かつての街道筋なので，自然の谷に沿って湾曲した道になっているのがわかります．"
      },
      "geometry": {
        "type": "Point",
        "coordinates": [
          135.4869712186863,
          34.57057782681817
        ]
      }
    },
    {
      "type": "Feature",
      "properties": {
        "id": "e624ecbd-05f8-4ced-a28b-5608992bfd7e",
        "info_type": "info",
        "icon": "hinan-camp-marker.png",
        "icon_url": "https://raw.githubusercontent.com/th-nguyen/cerdar-asset/main/images/hinan-camp-marker.png",
        "name": "11 榎小学校",
        "description": "三国の台地の上に位置する小学校で，地区の指定避難場所となっています．"
      },
      "geometry": {
        "type": "Point",
        "coordinates": [
          135.4861411962167,
          34.57006900699221
        ]
      }
    },
    {
      "type": "Feature",
      "properties": {
        "id": "a9cf346d-8222-4e7a-8b14-dad66c08f865",
        "info_type": "info",
        "icon": "icon_infoTag.png",
        "icon_url": "https://raw.githubusercontent.com/th-nguyen/cerdar-asset/main/images/icon_infoTag.png",
        "name": "12",
        "description": "跨線橋。南海高野線は，三国の台地の西側にあった小さな谷を利用して，その谷を掘り広げて線路を通しています．ここでは，南側に線路をわたる跨線橋があります．このような鉄道の線路は，地区を分けるバリアともなります．"
      },
      "geometry": {
        "type": "Point",
        "coordinates": [
          135.4857524292882,
          34.56976290836978
        ]
      }
    },
    {
      "type": "Feature",
      "properties": {
        "id": "468cbbd0-e8eb-4a9a-9f69-0ac71eaa93c8",
        "info_type": "info",
        "icon": "aed-marker.png",
        "icon_url": "https://raw.githubusercontent.com/th-nguyen/cerdar-asset/main/images/aed-marker.png",
        "name": "AED",
        "description": "AEDの使い方-私たちの勇気で救える命がある「かながわ☆スポットライト」かなチャンTV（神奈川県公式）",
        "pic_type": "movie",
        "movie": "https://www.youtube.com/embed/E8ppjdC55O4"
      },
      "geometry": {
        "type": "Point",
        "coordinates": [
          135.48530280590057,
          34.57059105130777
        ]
      }
    },
    {
      "type": "Feature",
      "properties": {
        "id": "73c42617-f357-4a81-b04c-8efae0793d3b",
        "info_type": "info",
        "icon": "aed-marker.png",
        "icon_url": "https://raw.githubusercontent.com/th-nguyen/cerdar-asset/main/images/aed-marker.png",
        "name": "AED",
        "description": "AEDの使い方-私たちの勇気で救える命がある「かながわ☆スポットライト」かなチャンTV（神奈川県公式）",
        "pic_type": "movie",
        "movie": "https://www.youtube.com/embed/E8ppjdC55O4"
      },
      "geometry": {
        "type": "Point",
        "coordinates": [
          135.4829639196396,
          34.57332967673402
        ]
      }
    },
    {
      "type": "Feature",
      "properties": {
        "id": "601bd188-f4d5-4645-b186-f1fed6155d88",
        "info_type": "info",
        "icon": "shoubo-marker.png",
        "icon_url": "https://raw.githubusercontent.com/th-nguyen/cerdar-asset/main/images/shoubo-marker.png",
        "name": "レンダイオン",
        "description": "くいずにこたえてね！",
        "group": "門真市キタショウ"
      },
      "geometry": {
        "type": "Point",
        "coordinates": [
          135.58502733707428,
          34.743516778338154
        ]
      }
    },
    {
      "type": "Feature",
      "properties": {
        "id": "d10a1b93-417d-49ce-81d3-0255e57cdfee",
        "info_type": "info",
        "icon": "roujinhome-marker.png",
        "icon_url": "https://raw.githubusercontent.com/th-nguyen/cerdar-asset/main/images/roujinhome-marker.png",
        "name": "もずやん",
        "description": "くいずにこたえてね！",
        "group": "門真市キタショウ"
      },
      "geometry": {
        "type": "Point",
        "coordinates": [
          135.58484494686127,
          34.74353881835328
        ]
      }
    },
    {
      "type": "Feature",
      "properties": {
        "id": "f3f89814-fd4d-481a-8274-b6e6df0132af",
        "info_type": "info",
        "icon": "keisatu-marker.png",
        "icon_url": "https://raw.githubusercontent.com/th-nguyen/cerdar-asset/main/images/keisatu-marker.png",
        "name": "ガラスケ",
        "description": "くいずにこたえてね！",
        "group": "門真市キタショウ"
      },
      "geometry": {
        "type": "Point",
        "coordinates": [
          135.58460354804993,
          34.74355204235952
        ]
      }
    },
    {
      "type": "Feature",
      "properties": {
        "id": "ac2c76fd-e3f9-4eba-8f8c-46f9f72a21dc",
        "info_type": "info",
        "icon": "hinan-camp-marker.png",
        "icon_url": "https://raw.githubusercontent.com/th-nguyen/cerdar-asset/main/images/hinan-camp-marker.png",
        "name": "情報",
        "description": "image note"
      },
      "geometry": {
        "type": "Point",
        "coordinates": [
          135.550376,
          34.999229
        ]
      }
    },
    {
      "type": "Feature",
      "properties": {
        "id": "ba2db231-b849-4d6c-8913-aab55264246b",
        "info_type": "info",
        "icon": "icon_infoTag.png",
        "icon_url": "https://raw.githubusercontent.com/th-nguyen/cerdar-asset/main/images/icon_infoTag.png",
        "name": "2",
        "description": "高潮想定図の確認と水害時の避難について",
        "group": "坂出市"
      },
      "geometry": {
        "type": "Point",
        "coordinates": [
          133.8661794680045,
          34.31627990465466
        ]
      }
    },
    {
      "type": "Feature",
      "properties": {
        "id": "0c7ab0d4-fa5b-438a-935a-7076bc155e02",
        "info_type": "info",
        "icon": "icon_infoTag.png",
        "icon_url": "https://raw.githubusercontent.com/th-nguyen/cerdar-asset/main/images/icon_infoTag.png",
        "name": "3",
        "description": "消火栓",
        "group": "坂出市"
      },
      "geometry": {
        "type": "Point",
        "coordinates": [
          133.8684361561652,
          34.316391896401
        ]
      }
    },
    {
      "type": "Feature",
      "properties": {
        "id": "8fcf2661-1b34-4aca-a748-705c43b67d1c",
        "info_type": "info",
        "icon": "icon_infoTag.png",
        "icon_url": "https://raw.githubusercontent.com/th-nguyen/cerdar-asset/main/images/icon_infoTag.png",
        "name": "8",
        "description": "地図を古い航空写真に切り替える（線路だったことを説明）",
        "group": "坂出市"
      },
      "geometry": {
        "type": "Point",
        "coordinates": [
          133.8627447589224,
          34.31519167091226
        ]
      }
    },
    {
      "type": "Feature",
      "properties": {
        "id": "98b02aa8-5f94-409a-a4bf-5f8eea5ef203",
        "info_type": "info",
        "icon": "icon_infoTag.png",
        "icon_url": "https://raw.githubusercontent.com/th-nguyen/cerdar-asset/main/images/icon_infoTag.png",
        "name": "1",
        "description": "防災ロード。地図を古い航空写真に切り替える（線路だったことを説明）",
        "group": "坂出市"
      },
      "geometry": {
        "type": "Point",
        "coordinates": [
          133.8629049739441,
          34.31640020954725
        ]
      }
    },
    {
      "type": "Feature",
      "properties": {
        "id": "51a772f4-f74d-460a-bdda-8db5e2ae9824",
        "info_type": "info",
        "icon": "icon_infoTag.png",
        "icon_url": "https://raw.githubusercontent.com/th-nguyen/cerdar-asset/main/images/icon_infoTag.png",
        "name": "4",
        "description": "傾斜があることを説明",
        "group": "坂出市"
      },
      "geometry": {
        "type": "Point",
        "coordinates": [
          133.86898756027222,
          34.31632471707704
        ]
      }
    },
    {
      "type": "Feature",
      "properties": {
        "id": "8c3ea0a2-0c41-4fa7-9650-58b56ccd00ab",
        "info_type": "info",
        "icon": "icon_infoTag.png",
        "icon_url": "https://raw.githubusercontent.com/th-nguyen/cerdar-asset/main/images/icon_infoTag.png",
        "name": "5",
        "description": "休憩ポイント",
        "group": "坂出市"
      },
      "geometry": {
        "type": "Point",
        "coordinates": [
          133.86924505233765,
          34.316120905775236
        ]
      }
    },
    {
      "type": "Feature",
      "properties": {
        "id": "ea6d76ba-d8ca-4d74-90bd-2f520c776043",
        "info_type": "info",
        "icon": "icon_infoTag.png",
        "icon_url": "https://raw.githubusercontent.com/th-nguyen/cerdar-asset/main/images/icon_infoTag.png",
        "name": "6",
        "description": "過去にポンプがつまり氾濫したことがあり",
        "group": "坂出市"
      },
      "geometry": {
        "type": "Point",
        "coordinates": [
          133.87043058872223,
          34.318841302805474
        ]
      }
    },
    {
      "type": "Feature",
      "properties": {
        "id": "e20144fc-c0f6-4618-ba04-4a634965bf1e",
        "info_type": "info",
        "icon": "aed-marker.png",
        "icon_url": "https://raw.githubusercontent.com/th-nguyen/cerdar-asset/main/images/aed-marker.png",
        "name": "AED",
        "description": "AEDの使い方-私たちの勇気で救える命がある「かながわ☆スポットライト」かなチャンTV（神奈川県公式）",
        "pic_type": "movie",
        "movie": "https://www.youtube.com/embed/E8ppjdC55O4",
        "group": "坂出市"
      },
      "geometry": {
        "type": "Point",
        "coordinates": [
          133.86078,
          34.314674
        ]
      }
    },
    {
      "type": "Feature",
      "properties": {
        "id": "8265776f-f1c1-4226-ba0c-ffa48a8d8a2e",
        "info_type": "info",
        "icon": "aed-marker.png",
        "icon_url": "https://raw.githubusercontent.com/th-nguyen/cerdar-asset/main/images/aed-marker.png",
        "name": "AED",
        "description": "AEDの使い方-私たちの勇気で救える命がある「かながわ☆スポットライト」かなチャンTV（神奈川県公式）",
        "pic_type": "movie",
        "movie": "https://www.youtube.com/embed/E8ppjdC55O4",
        "group": "坂出市"
      },
      "geometry": {
        "type": "Point",
        "coordinates": [
          133.86191189289093,
          34.31457901293755
        ]
      }
    },
    {
      "type": "Feature",
      "properties": {
        "id": "ac2ced5c-d1d3-48e4-bec5-d57ec155b0b4",
        "info_type": "info",
        "icon": "aed-marker.png",
        "icon_url": "https://raw.githubusercontent.com/th-nguyen/cerdar-asset/main/images/aed-marker.png",
        "name": "AED",
        "description": "AEDの使い方-私たちの勇気で救える命がある「かながわ☆スポットライト」かなチャンTV（神奈川県公式）",
        "pic_type": "movie",
        "movie": "https://www.youtube.com/embed/E8ppjdC55O4",
        "group": "坂出市"
      },
      "geometry": {
        "type": "Point",
        "coordinates": [
          133.86371433734894,
          34.31513285701513
        ]
      }
    },
    {
      "type": "Feature",
      "properties": {
        "id": "23e34436-5cf5-4633-8c6c-4166796160cf",
        "info_type": "info",
        "icon": "aed-marker.png",
        "icon_url": "https://raw.githubusercontent.com/th-nguyen/cerdar-asset/main/images/aed-marker.png",
        "name": "AED",
        "description": "AEDの使い方-私たちの勇気で救える命がある「かながわ☆スポットライト」かなチャンTV（神奈川県公式）",
        "pic_type": "movie",
        "movie": "https://www.youtube.com/embed/E8ppjdC55O4",
        "group": "坂出市"
      },
      "geometry": {
        "type": "Point",
        "coordinates": [
          133.8650929927826,
          34.315425285214054
        ]
      }
    },
    {
      "type": "Feature",
      "properties": {
        "id": "0d0e19c5-3f47-4e6c-886b-d27eb4dfaa18",
        "info_type": "info",
        "icon": "aed-marker.png",
        "icon_url": "https://raw.githubusercontent.com/th-nguyen/cerdar-asset/main/images/aed-marker.png",
        "name": "AED",
        "description": "AEDの使い方-私たちの勇気で救える命がある「かながわ☆スポットライト」かなチャンTV（神奈川県公式）",
        "pic_type": "movie",
        "movie": "https://www.youtube.com/embed/E8ppjdC55O4",
        "group": "坂出市"
      },
      "geometry": {
        "type": "Point",
        "coordinates": [
          133.8602650165558,
          34.315438577380725
        ]
      }
    },
    {
      "type": "Feature",
      "properties": {
        "id": "548eee88-ed39-42c0-8c11-b14a00d12e5f",
        "info_type": "info",
        "icon": "aed-marker.png",
        "icon_url": "https://raw.githubusercontent.com/th-nguyen/cerdar-asset/main/images/aed-marker.png",
        "name": "AED",
        "description": "AEDの使い方-私たちの勇気で救える命がある「かながわ☆スポットライト」かなチャンTV（神奈川県公式）",
        "pic_type": "movie",
        "movie": "https://www.youtube.com/embed/E8ppjdC55O4",
        "group": "坂出市"
      },
      "geometry": {
        "type": "Point",
        "coordinates": [
          133.86058688163757,
          34.31677221406882
        ]
      }
    },
    {
      "type": "Feature",
      "properties": {
        "id": "2c79627f-0d63-4420-8b8e-f4cd8baa3773",
        "info_type": "info",
        "icon": "aed-marker.png",
        "icon_url": "https://raw.githubusercontent.com/th-nguyen/cerdar-asset/main/images/aed-marker.png",
        "name": "AED",
        "description": "AEDの使い方-私たちの勇気で救える命がある「かながわ☆スポットライト」かなチャンTV（神奈川県公式）",
        "pic_type": "movie",
        "movie": "https://www.youtube.com/embed/E8ppjdC55O4",
        "group": "坂出市"
      },
      "geometry": {
        "type": "Point",
        "coordinates": [
          133.8622123003006,
          34.314149227415385
        ]
      }
    },
    {
      "type": "Feature",
      "properties": {
        "id": "ae6322b7-13e9-421b-a297-1e3362d811c1",
        "info_type": "info",
        "icon": "hinan-camp-marker.png",
        "icon_url": "https://raw.githubusercontent.com/th-nguyen/cerdar-asset/main/images/hinan-camp-marker.png",
        "name": "ひなんじょ",
        "description": "指定避難所",
        "group": "坂出市"
      },
      "geometry": {
        "type": "Point",
        "coordinates": [
          133.86058151721954,
          34.31469421280665
        ]
      }
    },
    {
      "type": "Feature",
      "properties": {
        "id": "25ebaff6-ec79-43a9-b165-75757107ceb2",
        "info_type": "info",
        "icon": "icon_infoTag.png",
        "icon_url": "https://raw.githubusercontent.com/th-nguyen/cerdar-asset/main/images/icon_infoTag.png",
        "name": "7",
        "description": "屋根の室外機や看板",
        "group": "坂出市"
      },
      "geometry": {
        "type": "Point",
        "coordinates": [
          133.86800587177277,
          34.315349962896605
        ]
      }
    },
    {
      "type": "Feature",
      "properties": {
        "id": "462eae9b-8d56-433e-a53d-163b57c7ff3b",
        "info_type": "info",
        "icon": "hinan-camp-marker.png",
        "icon_url": "https://raw.githubusercontent.com/th-nguyen/cerdar-asset/main/images/hinan-camp-marker.png",
        "name": "広域避難場所",
        "description": "広域避難場所"
      },
      "geometry": {
        "type": "Point",
        "coordinates": [
          136.94055140018463,
          35.12512552790085
        ]
      }
    },
    {
      "type": "Feature",
      "properties": {
        "id": "bd7ec632-3f2f-46f1-9a26-b78278848d6a",
        "info_type": "info",
        "icon": "icon_infoTag.png",
        "icon_url": "https://raw.githubusercontent.com/th-nguyen/cerdar-asset/main/images/icon_infoTag.png",
        "name": "豊岡小学校",
        "description": "",
        "pic_type": "photo",
        "photo": "https://www.musubou.net/musubou-ar/pics/toyooka_ele.jpg"
      },
      "geometry": {
        "type": "Point",
        "coordinates": [
          136.94040656089783,
          35.123743439808976
        ]
      }
    },
    {
      "type": "Feature",
      "properties": {
        "id": "3378cf07-e2a1-4a99-9ac9-fcbe89b5ce44",
        "info_type": "info",
        "icon": "hinan-camp-marker.png",
        "icon_url": "https://raw.githubusercontent.com/th-nguyen/cerdar-asset/main/images/hinan-camp-marker.png",
        "name": "指定緊急難場所",
        "description": "豊岡小学校",
        "pic_type": "photo",
        "photo": "https://www.musubou.net/musubou-ar/pics/toyooka_ele.jpg"
      },
      "geometry": {
        "type": "Point",
        "coordinates": [
          136.9403100013733,
          35.12385751780928
        ]
      }
    },
    {
      "type": "Feature",
      "properties": {
        "id": "ed5dc17a-4439-445f-8fba-1b70f4930d86",
        "info_type": "info",
        "icon": "aed-marker.png",
        "icon_url": "https://raw.githubusercontent.com/th-nguyen/cerdar-asset/main/images/aed-marker.png",
        "name": "AED",
        "description": "AEDの使い方-私たちの勇気で救える命がある「かながわ☆スポットライト」かなチャンTV（神奈川県公式）",
        "pic_type": "movie",
        "movie": "https://www.youtube.com/embed/E8ppjdC55O4"
      },
      "geometry": {
        "type": "Point",
        "coordinates": [
          136.94091081619263,
          35.124980738819545
        ]
      }
    },
    {
      "type": "Feature",
      "properties": {
        "id": "976663ab-20a7-4cb2-9ff6-2b30a73cc344",
        "info_type": "info",
        "icon": "aed-marker.png",
        "icon_url": "https://raw.githubusercontent.com/th-nguyen/cerdar-asset/main/images/aed-marker.png",
        "name": "AED",
        "description": "AEDの使い方-私たちの勇気で救える命がある「かながわ☆スポットライト」かなチャンTV（神奈川県公式）",
        "pic_type": "movie",
        "movie": "https://www.youtube.com/embed/E8ppjdC55O4"
      },
      "geometry": {
        "type": "Point",
        "coordinates": [
          136.94007396697998,
          35.12391894435867
        ]
      }
    },
    {
      "type": "Feature",
      "properties": {
        "id": "d851a6ed-6e0e-4c8f-bbfa-df1ac3b8eac0",
        "info_type": "info",
        "icon": "aed-marker.png",
        "icon_url": "https://raw.githubusercontent.com/th-nguyen/cerdar-asset/main/images/aed-marker.png",
        "name": "AED",
        "description": "AEDの使い方-私たちの勇気で救える命がある「かながわ☆スポットライト」かなチャンTV（神奈川県公式）",
        "pic_type": "movie",
        "movie": "https://www.youtube.com/embed/E8ppjdC55O4"
      },
      "geometry": {
        "type": "Point",
        "coordinates": [
          136.9404172897339,
          35.129254102176624
        ]
      }
    },
    {
      "type": "Feature",
      "properties": {
        "id": "2a7abc99-1615-473d-8947-7efd6d7ef3af",
        "info_type": "info",
        "icon": "aed-marker.png",
        "icon_url": "https://raw.githubusercontent.com/th-nguyen/cerdar-asset/main/images/aed-marker.png",
        "name": "AED",
        "description": "AEDの使い方-私たちの勇気で救える命がある「かながわ☆スポットライト」かなチャンTV（神奈川県公式）",
        "pic_type": "movie",
        "movie": "https://www.youtube.com/embed/E8ppjdC55O4"
      },
      "geometry": {
        "type": "Point",
        "coordinates": [
          136.94270253181458,
          35.12697266298659
        ]
      }
    },
    {
      "type": "Feature",
      "properties": {
        "id": "921afbb9-e004-4a80-98d3-ac0cafd7ca4d",
        "info_type": "info",
        "icon": "aed-marker.png",
        "icon_url": "https://raw.githubusercontent.com/th-nguyen/cerdar-asset/main/images/aed-marker.png",
        "name": "AED2",
        "description": "学情センター内",
        "pic_type": "movie",
        "movie": "https://www.youtube-nocookie.com/embed/rXpGw1tvoSk",
        "group": "杉本キャンパス"
      },
      "geometry": {
        "type": "Point",
        "coordinates": [
          135.50534963607788,
          34.59233855084189
        ]
      }
    },
    {
      "type": "Feature",
      "properties": {
        "id": "1f8f00c4-0699-4c03-b05f-bc03fbb75c7a",
        "info_type": "info",
        "icon": "aed-marker.png",
        "icon_url": "https://raw.githubusercontent.com/th-nguyen/cerdar-asset/main/images/aed-marker.png",
        "name": "AED",
        "description": "AEDの使い方-私たちの勇気で救える命がある「かながわ☆スポットライト」かなチャンTV（神奈川県公式）",
        "pic_type": "movie",
        "movie": "https://www.youtube.com/embed/E8ppjdC55O4",
        "group": "富田林市防災リーダー養成講座"
      },
      "geometry": {
        "type": "Point",
        "coordinates": [
          135.59514462947845,
          34.49762209072113
        ]
      }
    },
    {
      "type": "Feature",
      "properties": {
        "id": "012038aa-0d0a-425a-bd7d-e2cad0ed26f6",
        "info_type": "info",
        "icon": "aed-marker.png",
        "icon_url": "https://raw.githubusercontent.com/th-nguyen/cerdar-asset/main/images/aed-marker.png",
        "name": "AED",
        "description": "AEDの使い方-私たちの勇気で救える命がある「かながわ☆スポットライト」かなチャンTV（神奈川県公式）",
        "pic_type": "movie",
        "movie": "https://www.youtube.com/embed/E8ppjdC55O4",
        "group": "富田林市防災リーダー養成講座"
      },
      "geometry": {
        "type": "Point",
        "coordinates": [
          135.59694707393646,
          34.49952755592753
        ]
      }
    },
    {
      "type": "Feature",
      "properties": {
        "id": "5fdd73b9-1094-4865-a20c-37979101389c",
        "info_type": "info",
        "icon": "hinan-camp-marker.png",
        "icon_url": "https://raw.githubusercontent.com/th-nguyen/cerdar-asset/main/images/hinan-camp-marker.png",
        "name": "避難所",
        "description": "富田林中学校・高校",
        "group": "富田林市防災リーダー養成講座"
      },
      "geometry": {
        "type": "Point",
        "coordinates": [
          135.59894263744354,
          34.49730377210264
        ]
      }
    },
    {
      "type": "Feature",
      "properties": {
        "id": "ea077cd3-7d70-4dd2-8b99-495c5bb335c5",
        "info_type": "info",
        "icon": "shoubo-marker.png",
        "icon_url": "https://raw.githubusercontent.com/th-nguyen/cerdar-asset/main/images/shoubo-marker.png",
        "name": "消防本部",
        "description": "消防本部",
        "group": "富田林市防災リーダー養成講座"
      },
      "geometry": {
        "type": "Point",
        "coordinates": [
          135.59519827365875,
          34.497741459889724
        ]
      }
    },
    {
      "type": "Feature",
      "properties": {
        "id": "51bfd2f6-3fd3-4ada-a4bb-8a5fe0232970",
        "info_type": "info",
        "icon": "keisatu-marker.png",
        "icon_url": "https://raw.githubusercontent.com/th-nguyen/cerdar-asset/main/images/keisatu-marker.png",
        "name": "火災のクイズ",
        "description": "クイズに答えよう！",
        "pic_type": "movie",
        "movie": "https://www.youtube.com/embed/UQnXWEctmQQ",
        "group": "富田林市伏山台小学校"
      },
      "geometry": {
        "type": "Point",
        "coordinates": [
          135.56353747844696,
          34.48866891601205
        ]
      }
    },
    {
      "type": "Feature",
      "properties": {
        "id": "2eef96a5-831c-40ba-9747-a392fb8d57b2",
        "info_type": "info",
        "icon": "shoubo-marker.png",
        "icon_url": "https://raw.githubusercontent.com/th-nguyen/cerdar-asset/main/images/shoubo-marker.png",
        "name": "しんすいのクイズ",
        "description": "クイズに答えよう！",
        "pic_type": "movie",
        "movie": "https://www.youtube.com/embed/81i3plPVEcw",
        "group": "富田林市伏山台小学校"
      },
      "geometry": {
        "type": "Point",
        "coordinates": [
          135.563542842865,
          34.488293082718705
        ]
      }
    },
    {
      "type": "Feature",
      "properties": {
        "id": "78ee2013-ee5f-4847-8fb6-aabbfb40208a",
        "info_type": "info",
        "icon": "aed-marker.png",
        "icon_url": "https://raw.githubusercontent.com/th-nguyen/cerdar-asset/main/images/aed-marker.png",
        "name": "AED",
        "description": "AEDの使い方-私たちの勇気で救える命がある「かながわ☆スポットライト」かなチャンTV（神奈川県公式）",
        "pic_type": "movie",
        "movie": "https://www.youtube.com/embed/E8ppjdC55O4",
        "group": "富田林市防災リーダー養成講座"
      },
      "geometry": {
        "type": "Point",
        "coordinates": [
          135.59840619564056,
          34.500279119554406
        ]
      }
    },
    {
      "type": "Feature",
      "properties": {
        "id": "b91ce126-dcf8-4536-9a34-7fa876cb4909",
        "info_type": "info",
        "icon": "aed-marker.png",
        "icon_url": "https://raw.githubusercontent.com/th-nguyen/cerdar-asset/main/images/aed-marker.png",
        "name": "AED",
        "description": "AEDの使い方-私たちの勇気で救える命がある「かながわ☆スポットライト」かなチャンTV（神奈川県公式）",
        "pic_type": "movie",
        "movie": "https://www.youtube.com/embed/E8ppjdC55O4",
        "group": "富田林市防災リーダー養成講座"
      },
      "geometry": {
        "type": "Point",
        "coordinates": [
          135.59782683849335,
          34.4988069326755
        ]
      }
    },
    {
      "type": "Feature",
      "properties": {
        "id": "7a62c1bb-08ac-4275-89d4-dfaf876b52ab",
        "info_type": "info",
        "icon": "aed-marker.png",
        "icon_url": "https://raw.githubusercontent.com/th-nguyen/cerdar-asset/main/images/aed-marker.png",
        "name": "AED",
        "description": "AEDの使い方-私たちの勇気で救える命がある「かながわ☆スポットライト」かなチャンTV（神奈川県公式）",
        "pic_type": "movie",
        "movie": "https://www.youtube.com/embed/E8ppjdC55O4",
        "group": "富田林市防災リーダー養成講座"
      },
      "geometry": {
        "type": "Point",
        "coordinates": [
          135.59911966323853,
          34.49927998054334
        ]
      }
    },
    {
      "type": "Feature",
      "properties": {
        "id": "7f91faad-0090-4c8e-88b5-5642fc17958d",
        "info_type": "info",
        "icon": "aed-marker.png",
        "icon_url": "https://raw.githubusercontent.com/th-nguyen/cerdar-asset/main/images/aed-marker.png",
        "name": "AED",
        "description": "AEDの使い方-私たちの勇気で救える命がある「かながわ☆スポットライト」かなチャンTV（神奈川県公式）",
        "pic_type": "movie",
        "movie": "https://www.youtube.com/embed/E8ppjdC55O4",
        "group": "富田林市防災リーダー養成講座"
      },
      "geometry": {
        "type": "Point",
        "coordinates": [
          135.60126543045044,
          34.499717657955664
        ]
      }
    },
    {
      "type": "Feature",
      "properties": {
        "id": "7ad7afcb-bf41-4cb4-80ef-8cfad569e7a9",
        "info_type": "info",
        "icon": "aed-marker.png",
        "icon_url": "https://raw.githubusercontent.com/th-nguyen/cerdar-asset/main/images/aed-marker.png",
        "name": "AED",
        "description": "AEDの使い方-私たちの勇気で救える命がある「かながわ☆スポットライト」かなチャンTV（神奈川県公式）",
        "pic_type": "movie",
        "movie": "https://www.youtube.com/embed/E8ppjdC55O4",
        "group": "富田林市防災リーダー養成講座"
      },
      "geometry": {
        "type": "Point",
        "coordinates": [
          135.59876561164856,
          34.4972462977781
        ]
      }
    },
    {
      "type": "Feature",
      "properties": {
        "id": "cd6a244a-7f73-442e-9bd0-143985697394",
        "info_type": "info",
        "icon": "hinan-camp-marker.png",
        "icon_url": "https://raw.githubusercontent.com/th-nguyen/cerdar-asset/main/images/hinan-camp-marker.png",
        "name": "避難所",
        "description": "富田林小学校",
        "group": "富田林市防災リーダー養成講座"
      },
      "geometry": {
        "type": "Point",
        "coordinates": [
          135.59799313545227,
          34.498864405924195
        ]
      }
    },
    {
      "type": "Feature",
      "properties": {
        "id": "d69dced6-1727-41ab-9abf-19c144844a13",
        "info_type": "info",
        "icon": "bouka-marker.png",
        "icon_url": "https://raw.githubusercontent.com/th-nguyen/cerdar-asset/main/images/bouka-marker.png",
        "name": "防火水槽",
        "description": "",
        "group": "富田林市防災リーダー養成講座"
      },
      "geometry": {
        "type": "Point",
        "coordinates": [
          135.59729039669037,
          34.49691029324181
        ]
      }
    },
    {
      "type": "Feature",
      "properties": {
        "id": "0e60ef8e-cf2e-4bd1-91e1-3e7afd701096",
        "info_type": "info",
        "icon": "bouka-marker.png",
        "icon_url": "https://raw.githubusercontent.com/th-nguyen/cerdar-asset/main/images/bouka-marker.png",
        "name": "防火水槽",
        "description": "",
        "group": "富田林市防災リーダー養成講座"
      },
      "geometry": {
        "type": "Point",
        "coordinates": [
          135.5986475944519,
          34.500221647281016
        ]
      }
    },
    {
      "type": "Feature",
      "properties": {
        "id": "917027ce-1e08-496e-9cd1-c115ab0d3aaa",
        "info_type": "info",
        "icon": "bouka-marker.png",
        "icon_url": "https://raw.githubusercontent.com/th-nguyen/cerdar-asset/main/images/bouka-marker.png",
        "name": "消火栓",
        "description": "",
        "group": "富田林市防災リーダー養成講座"
      },
      "geometry": {
        "type": "Point",
        "coordinates": [
          135.59954345226288,
          34.50041616866184
        ]
      }
    },
    {
      "type": "Feature",
      "properties": {
        "id": "d6103ee3-6ab1-47bd-b7d2-1062715f299f",
        "info_type": "info",
        "icon": "bouka-marker.png",
        "icon_url": "https://raw.githubusercontent.com/th-nguyen/cerdar-asset/main/images/bouka-marker.png",
        "name": "消火栓",
        "description": "",
        "group": "富田林市防災リーダー養成講座"
      },
      "geometry": {
        "type": "Point",
        "coordinates": [
          135.600106716156,
          34.5004426942695
        ]
      }
    },
    {
      "type": "Feature",
      "properties": {
        "id": "8c834535-ad9d-44f4-a3fd-f4944ffde6ed",
        "info_type": "info",
        "icon": "bouka-marker.png",
        "icon_url": "https://raw.githubusercontent.com/th-nguyen/cerdar-asset/main/images/bouka-marker.png",
        "name": "消火栓",
        "description": "",
        "group": "富田林市防災リーダー養成講座"
      },
      "geometry": {
        "type": "Point",
        "coordinates": [
          135.60119569301605,
          34.4995894496587
        ]
      }
    },
    {
      "type": "Feature",
      "properties": {
        "id": "57ecd901-f4b7-4712-8ed0-e0c8ac2f1eb1",
        "info_type": "info",
        "icon": "bouka-marker.png",
        "icon_url": "https://raw.githubusercontent.com/th-nguyen/cerdar-asset/main/images/bouka-marker.png",
        "name": "消火栓",
        "description": "",
        "group": "富田林市防災リーダー養成講座"
      },
      "geometry": {
        "type": "Point",
        "coordinates": [
          135.6005895137787,
          34.49851956583777
        ]
      }
    },
    {
      "type": "Feature",
      "properties": {
        "id": "4e5195c2-62b2-40c3-a4fe-25c76eecf077",
        "info_type": "info",
        "icon": "bouka-marker.png",
        "icon_url": "https://raw.githubusercontent.com/th-nguyen/cerdar-asset/main/images/bouka-marker.png",
        "name": "消火栓",
        "description": "",
        "group": "富田林市防災リーダー養成講座"
      },
      "geometry": {
        "type": "Point",
        "coordinates": [
          135.59984385967255,
          34.4977989338729
        ]
      }
    },
    {
      "type": "Feature",
      "properties": {
        "id": "34c7e67a-10a8-4593-8a9a-58047780abe1",
        "info_type": "info",
        "icon": "bouka-marker.png",
        "icon_url": "https://raw.githubusercontent.com/th-nguyen/cerdar-asset/main/images/bouka-marker.png",
        "name": "消火栓",
        "description": "",
        "group": "富田林市防災リーダー養成講座"
      },
      "geometry": {
        "type": "Point",
        "coordinates": [
          135.59950053691864,
          34.497392194063
        ]
      }
    },
    {
      "type": "Feature",
      "properties": {
        "id": "0045cbcc-fdd5-47c8-a892-824f15c1cee6",
        "info_type": "info",
        "icon": "bouka-marker.png",
        "icon_url": "https://raw.githubusercontent.com/th-nguyen/cerdar-asset/main/images/bouka-marker.png",
        "name": "消火栓",
        "description": "",
        "group": "富田林市防災リーダー養成講座"
      },
      "geometry": {
        "type": "Point",
        "coordinates": [
          135.59858858585358,
          34.4986743019504
        ]
      }
    },
    {
      "type": "Feature",
      "properties": {
        "id": "380306ea-345b-493f-8449-54ce7d512e8b",
        "info_type": "info",
        "icon": "bouka-marker.png",
        "icon_url": "https://raw.githubusercontent.com/th-nguyen/cerdar-asset/main/images/bouka-marker.png",
        "name": "消火栓",
        "description": "",
        "group": "富田林市防災リーダー養成講座"
      },
      "geometry": {
        "type": "Point",
        "coordinates": [
          135.59861540794373,
          34.49910314053307
        ]
      }
    },
    {
      "type": "Feature",
      "properties": {
        "id": "ce0fb379-7569-4021-8b9d-501a433a29c4",
        "info_type": "info",
        "icon": "bouka-marker.png",
        "icon_url": "https://raw.githubusercontent.com/th-nguyen/cerdar-asset/main/images/bouka-marker.png",
        "name": "消火栓",
        "description": "",
        "group": "富田林市防災リーダー養成講座"
      },
      "geometry": {
        "type": "Point",
        "coordinates": [
          135.59737622737885,
          34.49871851221555
        ]
      }
    },
    {
      "type": "Feature",
      "properties": {
        "id": "4e750cb9-876e-4ad1-be40-7d20179af214",
        "info_type": "info",
        "icon": "bouka-marker.png",
        "icon_url": "https://raw.githubusercontent.com/th-nguyen/cerdar-asset/main/images/bouka-marker.png",
        "name": "防火すいそう",
        "description": "",
        "group": "富田林市防災リーダー養成講座"
      },
      "geometry": {
        "type": "Point",
        "coordinates": [
          135.59807360172272,
          34.498771564502775
        ]
      }
    },
    {
      "type": "Feature",
      "properties": {
        "id": "5e5ca463-4cd9-4f84-beb7-21d9e800f930",
        "info_type": "info",
        "icon": "bouka-marker.png",
        "icon_url": "https://raw.githubusercontent.com/th-nguyen/cerdar-asset/main/images/bouka-marker.png",
        "name": "消火栓",
        "description": "",
        "group": "富田林市防災リーダー養成講座"
      },
      "geometry": {
        "type": "Point",
        "coordinates": [
          135.59841692447662,
          34.49686608201782
        ]
      }
    },
    {
      "type": "Feature",
      "properties": {
        "id": "e84e5df2-57c8-4623-9e17-d8f7b75ff5d1",
        "info_type": "info",
        "icon": "bouka-marker.png",
        "icon_url": "https://raw.githubusercontent.com/th-nguyen/cerdar-asset/main/images/bouka-marker.png",
        "name": "消火栓",
        "description": "",
        "group": "富田林市防災リーダー養成講座"
      },
      "geometry": {
        "type": "Point",
        "coordinates": [
          135.59759080410004,
          34.49685723977019
        ]
      }
    },
    {
      "type": "Feature",
      "properties": {
        "id": "e0a99c98-0699-4215-a0b1-33fd58a20d44",
        "info_type": "info",
        "icon": "bouka-marker.png",
        "icon_url": "https://raw.githubusercontent.com/th-nguyen/cerdar-asset/main/images/bouka-marker.png",
        "name": "消火栓",
        "description": "",
        "group": "富田林市防災リーダー養成講座"
      },
      "geometry": {
        "type": "Point",
        "coordinates": [
          135.59775710105896,
          34.496441653074555
        ]
      }
    },
    {
      "type": "Feature",
      "properties": {
        "id": "65a82feb-13c9-4c1d-ba7d-6051b0be79fd",
        "info_type": "info",
        "icon": "bouka-marker.png",
        "icon_url": "https://raw.githubusercontent.com/th-nguyen/cerdar-asset/main/images/bouka-marker.png",
        "name": "消火栓",
        "description": "",
        "group": "富田林市防災リーダー養成講座"
      },
      "geometry": {
        "type": "Point",
        "coordinates": [
          135.596507191658,
          34.49873177529052
        ]
      }
    },
    {
      "type": "Feature",
      "properties": {
        "id": "2079d504-948e-4eb9-ade0-bb3c1091854c",
        "info_type": "info",
        "icon": "bouka-marker.png",
        "icon_url": "https://raw.githubusercontent.com/th-nguyen/cerdar-asset/main/images/bouka-marker.png",
        "name": "消火栓",
        "description": "",
        "group": "富田林市防災リーダー養成講座"
      },
      "geometry": {
        "type": "Point",
        "coordinates": [
          135.59621214866638,
          34.49716671787873
        ]
      }
    },
    {
      "type": "Feature",
      "properties": {
        "id": "1d1f614a-694f-40c4-a551-4c7d6c92de57",
        "info_type": "info",
        "icon": "bouka-marker.png",
        "icon_url": "https://raw.githubusercontent.com/th-nguyen/cerdar-asset/main/images/bouka-marker.png",
        "name": "防火すいそう",
        "description": "",
        "group": "富田林市防災リーダー養成講座"
      },
      "geometry": {
        "type": "Point",
        "coordinates": [
          135.59563279151917,
          34.49789177637744
        ]
      }
    },
    {
      "type": "Feature",
      "properties": {
        "id": "4a27baa9-8ad3-493e-b55f-5c478ea0a74c",
        "info_type": "info",
        "icon": "bouka-marker.png",
        "icon_url": "https://raw.githubusercontent.com/th-nguyen/cerdar-asset/main/images/bouka-marker.png",
        "name": "消火栓",
        "description": "",
        "group": "富田林市防災リーダー養成講座"
      },
      "geometry": {
        "type": "Point",
        "coordinates": [
          135.60076653957367,
          34.49916061357755
        ]
      }
    },
    {
      "type": "Feature",
      "properties": {
        "id": "8a0c59f7-e929-49ab-ba45-fee7978301d1",
        "info_type": "info",
        "icon": "bouka-marker.png",
        "icon_url": "https://raw.githubusercontent.com/th-nguyen/cerdar-asset/main/images/bouka-marker.png",
        "name": "防火すいそう",
        "description": "",
        "group": "富田林市防災リーダー養成講座"
      },
      "geometry": {
        "type": "Point",
        "coordinates": [
          135.60153365135193,
          34.499593870637746
        ]
      }
    },
    {
      "type": "Feature",
      "properties": {
        "id": "115089a1-761c-4105-bb44-ebe7031d74e6",
        "info_type": "info",
        "icon": "bouka-marker.png",
        "icon_url": "https://raw.githubusercontent.com/th-nguyen/cerdar-asset/main/images/bouka-marker.png",
        "name": "消火栓",
        "description": "",
        "group": "富田林市防災リーダー養成講座"
      },
      "geometry": {
        "type": "Point",
        "coordinates": [
          135.59864223003385,
          34.500425010532005
        ]
      }
    },
    {
      "type": "Feature",
      "properties": {
        "id": "12053d72-ef98-4dd0-a4cb-5f46d6727d11",
        "info_type": "info",
        "icon": "bouka-marker.png",
        "icon_url": "https://raw.githubusercontent.com/th-nguyen/cerdar-asset/main/images/bouka-marker.png",
        "name": "消火栓",
        "description": "",
        "group": "富田林市防災リーダー養成講座"
      },
      "geometry": {
        "type": "Point",
        "coordinates": [
          135.59698998928067,
          34.496370914707285
        ]
      }
    },
    {
      "type": "Feature",
      "properties": {
        "id": "a1faf19c-aeb2-4d6b-8f0b-0610d2ad37cf",
        "info_type": "info",
        "icon": "bouka-marker.png",
        "icon_url": "https://raw.githubusercontent.com/th-nguyen/cerdar-asset/main/images/bouka-marker.png",
        "name": "消火栓",
        "description": "",
        "group": "富田林市防災リーダー養成講座"
      },
      "geometry": {
        "type": "Point",
        "coordinates": [
          135.60166239738462,
          34.49897493129107
        ]
      }
    },
    {
      "type": "Feature",
      "properties": {
        "id": "2709ed5d-108c-4660-8235-14733d946e5e",
        "info_type": "info",
        "icon": "bouka-marker.png",
        "icon_url": "https://raw.githubusercontent.com/th-nguyen/cerdar-asset/main/images/bouka-marker.png",
        "name": "消火栓",
        "description": "",
        "group": "富田林市防災リーダー養成講座"
      },
      "geometry": {
        "type": "Point",
        "coordinates": [
          135.60106694698334,
          34.499907759550304
        ]
      }
    },
    {
      "type": "Feature",
      "properties": {
        "id": "7d0395eb-a85c-40d2-b73d-9bcde3f4626f",
        "info_type": "info",
        "icon": "medicine-marker.png",
        "icon_url": "https://raw.githubusercontent.com/th-nguyen/cerdar-asset/main/images/medicine-marker.png",
        "name": "すいがいのクイズ",
        "description": "すいがいのクイズ",
        "pic_type": "movie",
        "movie": "https://www.youtube.com/embed/8JPf7vQyL_c?si=okLRFdtKRImE5v6x",
        "group": "堺市南区ふれあいまつり"
      },
      "geometry": {
        "type": "Point",
        "coordinates": [
          135.4899465609405,
          34.4878462735217
        ]
      }
    },
    {
      "type": "Feature",
      "properties": {
        "id": "5be1536c-e7dd-4aa3-a196-3f5eeab35df2",
        "info_type": "info",
        "icon": "hinan-bldg-marker.png",
        "icon_url": "https://raw.githubusercontent.com/th-nguyen/cerdar-asset/main/images/hinan-bldg-marker.png",
        "name": "かさいのクイズ",
        "description": "かさいのクイズ",
        "pic_type": "movie",
        "movie": "https://www.youtube.com/embed/dKj9yuYkiss?si=t5TQFXlmRrGtXEcH",
        "group": "堺市南区ふれあいまつり"
      },
      "geometry": {
        "type": "Point",
        "coordinates": [
          135.48947154176685,
          34.487344683041734
        ]
      }
    },
    {
      "type": "Feature",
      "properties": {
        "id": "333ba9bb-d1b4-46ec-9835-239fc6cc5f96",
        "info_type": "info",
        "icon": "bouka-marker.png",
        "icon_url": "https://raw.githubusercontent.com/th-nguyen/cerdar-asset/main/images/bouka-marker.png",
        "name": "じしんのクイズ",
        "description": "",
        "pic_type": "movie",
        "movie": "https://www.youtube.com/embed/k2A5bS_ebjI?si=dga_E_sy4QgvnPcU",
        "group": "堺市南区ふれあいまつり"
      },
      "geometry": {
        "type": "Point",
        "coordinates": [
          135.48991707520912,
          34.48749129297794
        ]
      }
    },
    {
      "type": "Feature",
      "properties": {
        "id": "f5ca1e71-ef83-4886-9cf6-78910fac0acf",
        "info_type": "info",
        "icon": "aed-marker.png",
        "icon_url": "https://raw.githubusercontent.com/th-nguyen/cerdar-asset/main/images/aed-marker.png",
        "name": "AED",
        "description": "AEDのつかいかた",
        "pic_type": "movie",
        "movie": "https://www.youtube.com/embed/E8ppjdC55O4",
        "group": "堺市南区ふれあいまつり"
      },
      "geometry": {
        "type": "Point",
        "coordinates": [
          135.48975035378888,
          34.48720190958068
        ]
      }
    },
    {
      "type": "Feature",
      "properties": {
        "id": "4bf64bbb-0bf5-46c7-ae34-87ae09305532",
        "info_type": "info",
        "icon": "bouka-marker.png",
        "icon_url": "https://raw.githubusercontent.com/th-nguyen/cerdar-asset/main/images/bouka-marker.png",
        "name": "じしんのクイズ",
        "description": "じしんのクイズ",
        "pic_type": "movie",
        "movie": "https://www.youtube.com/embed/k2A5bS_ebjI?si=dga_E_sy4QgvnPcU",
        "group": "堺市南区ふれあいまつり"
      },
      "geometry": {
        "type": "Point",
        "coordinates": [
          135.49020421029857,
          34.48764175325567
        ]
      }
    },
    {
      "type": "Feature",
      "properties": {
        "id": "a4a532e6-68de-4c99-bca5-3ce486e367cb",
        "info_type": "info",
        "icon": "shoubo-marker.png",
        "icon_url": "https://raw.githubusercontent.com/th-nguyen/cerdar-asset/main/images/shoubo-marker.png",
        "name": "クイズふりかえり",
        "description": "クイズふりかえり",
        "pic_type": "movie",
        "movie": "https://www.youtube.com/embed/xSgSodLDD1U?si=NuJjJGMWMkp7elr7",
        "group": "堺市南区ふれあいまつり"
      },
      "geometry": {
        "type": "Point",
        "coordinates": [
          135.4887558915074,
          34.487734494388974
        ]
      }
    },
    {
      "type": "Feature",
      "properties": {
        "id": "d2a2a557-e5d4-44b1-88f7-8351d6dad566",
        "info_type": "info",
        "icon": "aed-marker.png",
        "icon_url": "https://raw.githubusercontent.com/th-nguyen/cerdar-asset/main/images/aed-marker.png",
        "name": "AED 下関市菊川ふれあい会館",
        "description": "【設置場所】菊川ふれあい会館受付 \n外部の使用を認める",
        "group": "下関市車いす防災まち歩き"
      },
      "geometry": {
        "type": "Point",
        "coordinates": [
          131.03098873234526,
          34.12070819598585
        ]
      }
    },
    {
      "type": "Feature",
      "properties": {
        "id": "b0c8a973-e384-4390-b4d2-305711207e64",
        "info_type": "info",
        "icon": "aed-marker.png",
        "icon_url": "https://raw.githubusercontent.com/th-nguyen/cerdar-asset/main/images/aed-marker.png",
        "name": "AED 下関市菊川体育館",
        "description": "【設置場所】　体育館正面入口\n外部の使用を認める\n条件: 下関市菊川町下岡枝",
        "group": "下関市車いす防災まち歩き"
      },
      "geometry": {
        "type": "Point",
        "coordinates": [
          131.0307067265268,
          34.12223477976503
        ]
      }
    },
    {
      "type": "Feature",
      "properties": {
        "id": "880f3f85-ea86-4ccd-8c07-2d5e8d0bd848",
        "info_type": "info",
        "icon": "aed-marker.png",
        "icon_url": "https://raw.githubusercontent.com/th-nguyen/cerdar-asset/main/images/aed-marker.png",
        "name": "AED 下関市立菊川図書館",
        "description": "【設置場所】下関市立菊川図書館カウンター\n外部の使用を認める",
        "group": "下関市車いす防災まち歩き"
      },
      "geometry": {
        "type": "Point",
        "coordinates": [
          131.03358146586277,
          34.124032539827304
        ]
      }
    },
    {
      "type": "Feature",
      "properties": {
        "id": "99971e21-ea72-4122-b998-b598ca1b1b01",
        "info_type": "info",
        "icon": "aed-marker.png",
        "icon_url": "https://raw.githubusercontent.com/th-nguyen/cerdar-asset/main/images/aed-marker.png",
        "name": "AED 道の駅きくがわ",
        "description": "【設置場所】物産品売り場カウンター\n外部の使用を認める",
        "group": "下関市車いす防災まち歩き"
      },
      "geometry": {
        "type": "Point",
        "coordinates": [
          131.0317298529865,
          34.12604743521029
        ]
      }
    },
    {
      "type": "Feature",
      "properties": {
        "id": "8cdbb771-de86-43b6-a4ea-875dd2359d37",
        "info_type": "info",
        "icon": "aed-marker.png",
        "icon_url": "https://raw.githubusercontent.com/th-nguyen/cerdar-asset/main/images/aed-marker.png",
        "name": "AED 豊浦東消防署菊川出張所",
        "description": "【設置場所】２階事務所\n外部の使用を条件付で認める\n条件: 消防車が災害出動中は使用できないことがあります",
        "group": "下関市車いす防災まち歩き"
      },
      "geometry": {
        "type": "Point",
        "coordinates": [
          131.03298633684162,
          34.12698993866193
        ]
      }
    },
    {
      "type": "Feature",
      "properties": {
        "id": "3cc7d703-e854-4ac8-85a0-a1744087b250",
        "info_type": "info",
        "icon": "aed-marker.png",
        "icon_url": "https://raw.githubusercontent.com/th-nguyen/cerdar-asset/main/images/aed-marker.png",
        "name": "AED 下関市きくがわ温泉華陽",
        "description": "【設置場所】受付\n外部の使用を認める",
        "group": "下関市車いす防災まち歩き"
      },
      "geometry": {
        "type": "Point",
        "coordinates": [
          131.03475989985452,
          34.13026868074744
        ]
      }
    },
    {
      "type": "Feature",
      "properties": {
        "id": "2190cfcb-c58f-44b9-8e3c-aebb4c2d36bd",
        "info_type": "info",
        "icon": "aed-marker.png",
        "icon_url": "https://raw.githubusercontent.com/th-nguyen/cerdar-asset/main/images/aed-marker.png",
        "name": "AED 下関市営宿舎サングリーン菊川",
        "description": "【設置場所】1階カウンター\n外部の使用を認める",
        "group": "下関市車いす防災まち歩き"
      },
      "geometry": {
        "type": "Point",
        "coordinates": [
          131.03489494341378,
          34.12983596810855
        ]
      }
    },
    {
      "type": "Feature",
      "properties": {
        "id": "4cda3f50-f1f5-4fa5-9be6-4d2eb03775d0",
        "info_type": "info",
        "icon": "aed-marker.png",
        "icon_url": "https://raw.githubusercontent.com/th-nguyen/cerdar-asset/main/images/aed-marker.png",
        "name": "AED 下関市立楢崎公民館",
        "description": "【設置場所】公民館玄関ホール出窓カウンター\n外部の使用を認める",
        "group": "下関市車いす防災まち歩き"
      },
      "geometry": {
        "type": "Point",
        "coordinates": [
          131.00077888447208,
          34.13271385471361
        ]
      }
    },
    {
      "type": "Feature",
      "properties": {
        "id": "8fb2e9c5-5c9a-4dfb-be88-458a3cf6ca1e",
        "info_type": "info",
        "icon": "aed-marker.png",
        "icon_url": "https://raw.githubusercontent.com/th-nguyen/cerdar-asset/main/images/aed-marker.png",
        "name": "AED 株式会社ナカオ",
        "description": "【設置場所】工場内\n外部の使用を条件付で認める\n条件: 当社営業中に限る（営業時間外は人がいないので）",
        "group": "下関市車いす防災まち歩き"
      },
      "geometry": {
        "type": "Point",
        "coordinates": [
          130.99913469790275,
          34.12940941781387
        ]
      }
    },
    {
      "type": "Feature",
      "properties": {
        "id": "be60f3e4-02d0-43ad-8798-cb98026734b1",
        "info_type": "info",
        "icon": "hinan-camp-marker.png",
        "icon_url": "https://raw.githubusercontent.com/th-nguyen/cerdar-asset/main/images/hinan-camp-marker.png",
        "name": "避難所 楢崎公民館",
        "description": "指定緊急避難場所・指定避難所",
        "group": "下関市車いす防災まち歩き"
      },
      "geometry": {
        "type": "Point",
        "coordinates": [
          131.0009378951183,
          34.132695018365425
        ]
      }
    },
    {
      "type": "Feature",
      "properties": {
        "id": "aee78c9b-43c3-4ad4-95f8-a7e9b895d387",
        "info_type": "info",
        "icon": "hinan-camp-marker.png",
        "icon_url": "https://raw.githubusercontent.com/th-nguyen/cerdar-asset/main/images/hinan-camp-marker.png",
        "name": "避難所 菊川ふれあい会館 アブニール",
        "description": "指定緊急避難場所・指定避難所",
        "group": "下関市車いす防災まち歩き"
      },
      "geometry": {
        "type": "Point",
        "coordinates": [
          131.0308276764318,
          34.120775837633644
        ]
      }
    },
    {
      "type": "Feature",
      "properties": {
        "id": "826abcf8-110b-48b2-a49a-015dcbaddfef",
        "info_type": "info",
        "icon": "hinan-camp-marker.png",
        "icon_url": "https://raw.githubusercontent.com/th-nguyen/cerdar-asset/main/images/hinan-camp-marker.png",
        "name": "避難所 菊川総合支所",
        "description": "指定緊急避難場所・指定避難所",
        "group": "下関市車いす防災まち歩き"
      },
      "geometry": {
        "type": "Point",
        "coordinates": [
          131.0307442778723,
          34.12158330566907
        ]
      }
    },
    {
      "type": "Feature",
      "properties": {
        "id": "ee2bd770-616a-4e3c-a39b-37bdd5c6ddab",
        "info_type": "info",
        "icon": "hinan-camp-marker.png",
        "icon_url": "https://raw.githubusercontent.com/th-nguyen/cerdar-asset/main/images/hinan-camp-marker.png",
        "name": "避難所 下関市菊川体育館",
        "description": "指定避難所\n※洪水時には浸水のおそれのある施設",
        "group": "下関市車いす防災まち歩き"
      },
      "geometry": {
        "type": "Point",
        "coordinates": [
          131.03041894293122,
          34.12221547743146
        ]
      }
    },
    {
      "type": "Feature",
      "properties": {
        "id": "b4f14e2a-f2f5-4a67-9d11-b0c57ac38f91",
        "info_type": "info",
        "icon": "hinan-camp-marker.png",
        "icon_url": "https://raw.githubusercontent.com/th-nguyen/cerdar-asset/main/images/hinan-camp-marker.png",
        "name": "避難所 菊川運動公園",
        "description": "指定緊急避難場所\n※洪水時には浸水のおそれのある施設",
        "group": "下関市車いす防災まち歩き"
      },
      "geometry": {
        "type": "Point",
        "coordinates": [
          131.03018992181242,
          34.12310236704657
        ]
      }
    },
    {
      "type": "Feature",
      "properties": {
        "id": "b1389c1e-01b4-41c6-89e5-5d402cbc0160",
        "info_type": "info",
        "icon": "hinan-camp-marker.png",
        "icon_url": "https://raw.githubusercontent.com/th-nguyen/cerdar-asset/main/images/hinan-camp-marker.png",
        "name": "避難所 菊川老人憩の家",
        "description": "指定緊急避難場所・指定避難所避難所",
        "group": "下関市車いす防災まち歩き"
      },
      "geometry": {
        "type": "Point",
        "coordinates": [
          131.03436990489837,
          34.1307096770989
        ]
      }
    },
    {
      "type": "Feature",
      "properties": {
        "id": "7d336af2-55fe-4511-bb06-42266469220c",
        "info_type": "info",
        "icon": "hinan-camp-marker.png",
        "icon_url": "https://raw.githubusercontent.com/th-nguyen/cerdar-asset/main/images/hinan-camp-marker.png",
        "name": "避難所 荒小田南住宅集会所",
        "description": "緊急避難所\n※洪水時には浸水のおそれのある施設",
        "group": "下関市車いす防災まち歩き"
      },
      "geometry": {
        "type": "Point",
        "coordinates": [
          131.03461606496055,
          34.12093979304467
        ]
      }
    },
    {
      "type": "Feature",
      "properties": {
        "id": "cccdea55-361e-4223-9f9f-2d1f45fd2526",
        "info_type": "info",
        "icon": "hinan-camp-marker.png",
        "icon_url": "https://raw.githubusercontent.com/th-nguyen/cerdar-asset/main/images/hinan-camp-marker.png",
        "name": "避難所 菊川総合支所",
        "description": "指定緊急避難場所・指定避難所避難所\n※洪水時利用不可",
        "group": "下関市車いす防災まち歩き"
      },
      "geometry": {
        "type": "Point",
        "coordinates": [
          131.0361948553679,
          34.11876426695024
        ]
      }
    },
    {
      "type": "Feature",
      "properties": {
        "id": "3779be48-2457-4528-89c6-f43eb71a6db0",
        "info_type": "info",
        "icon": "hinan-camp-marker.png",
        "icon_url": "https://raw.githubusercontent.com/th-nguyen/cerdar-asset/main/images/hinan-camp-marker.png",
        "name": "避難所 田部東団地集会所",
        "description": "緊急避難所\n※洪水時には浸水のおそれのある施設",
        "group": "下関市車いす防災まち歩き"
      },
      "geometry": {
        "type": "Point",
        "coordinates": [
          131.03778726984748,
          34.1175082631824
        ]
      }
    },
    {
      "type": "Feature",
      "properties": {
        "id": "131758c5-2842-4d02-a89a-0c27da33a028",
        "info_type": "info",
        "icon": "keisatu-marker.png",
        "icon_url": "https://raw.githubusercontent.com/th-nguyen/cerdar-asset/main/images/keisatu-marker.png",
        "name": "菊川交番",
        "description": "警察署・交番",
        "group": "下関市車いす防災まち歩き"
      },
      "geometry": {
        "type": "Point",
        "coordinates": [
          131.03202240918702,
          34.12067090711369
        ]
      }
    },
    {
      "type": "Feature",
      "properties": {
        "id": "0e2c6bd1-a4c0-44b2-8a47-0ae59cece8ad",
        "info_type": "info",
        "icon": "shoubo-marker.png",
        "icon_url": "https://raw.githubusercontent.com/th-nguyen/cerdar-asset/main/images/shoubo-marker.png",
        "name": "豊浦東消防署菊川出張所",
        "description": "消防署",
        "group": "下関市車いす防災まち歩き"
      },
      "geometry": {
        "type": "Point",
        "coordinates": [
          131.03298685039937,
          34.12692584456489
        ]
      }
    },
    {
      "type": "Feature",
      "properties": {
        "id": "7ff9c256-133d-41b6-b651-9f8a6a2ebcb7",
        "info_type": "info",
        "icon": "roujinhome-marker.png",
        "icon_url": "https://raw.githubusercontent.com/th-nguyen/cerdar-asset/main/images/roujinhome-marker.png",
        "name": "野の花工房",
        "description": "要配慮者利用施設",
        "group": "下関市車いす防災まち歩き"
      },
      "geometry": {
        "type": "Point",
        "coordinates": [
          131.03224317810623,
          34.118480859641345
        ]
      }
    },
    {
      "type": "Feature",
      "properties": {
        "id": "236180e4-580a-4281-ba2d-e0f98df06c0c",
        "info_type": "info",
        "icon": "roujinhome-marker.png",
        "icon_url": "https://raw.githubusercontent.com/th-nguyen/cerdar-asset/main/images/roujinhome-marker.png",
        "name": "パラディース",
        "description": "要配慮者利用施設",
        "group": "下関市車いす防災まち歩き"
      },
      "geometry": {
        "type": "Point",
        "coordinates": [
          131.03224821847255,
          34.122673143857725
        ]
      }
    },
    {
      "type": "Feature",
      "properties": {
        "id": "a9177762-94e4-4ac7-b1a8-96ca7650a6aa",
        "info_type": "info",
        "icon": "roujinhome-marker.png",
        "icon_url": "https://raw.githubusercontent.com/th-nguyen/cerdar-asset/main/images/roujinhome-marker.png",
        "name": "星の家",
        "description": "要配慮者利用施設",
        "group": "下関市車いす防災まち歩き"
      },
      "geometry": {
        "type": "Point",
        "coordinates": [
          131.03543355329035,
          34.12555132141479
        ]
      }
    },
    {
      "type": "Feature",
      "properties": {
        "id": "eae5ee15-4d10-496b-8523-685e5b73289e",
        "info_type": "info",
        "icon": "hinan-camp-marker.png",
        "icon_url": "https://raw.githubusercontent.com/th-nguyen/cerdar-asset/main/images/hinan-camp-marker.png",
        "name": "田部高等学校",
        "description": "指定緊急避難場所・指定避難所避難所",
        "group": "下関市車いす防災まち歩き"
      },
      "geometry": {
        "type": "Point",
        "coordinates": [
          131.0307553762058,
          34.11799542683724
        ]
      }
    },
    {
      "type": "Feature",
      "properties": {
        "id": "68a1ad29-79ad-4f04-adc5-583afe173d66",
        "info_type": "info",
        "icon": "hinan-camp-marker.png",
        "icon_url": "https://raw.githubusercontent.com/th-nguyen/cerdar-asset/main/images/hinan-camp-marker.png",
        "name": "西区公会堂",
        "description": "緊急避難所\n※洪水時には浸水のおそれのある施設",
        "group": "下関市車いす防災まち歩き"
      },
      "geometry": {
        "type": "Point",
        "coordinates": [
          131.03406408429584,
          34.118440054257086
        ]
      }
    },
    {
      "type": "Feature",
      "properties": {
        "id": "691c592f-1ed9-414a-9de1-b9379c56489e",
        "info_type": "info",
        "icon": "aed-marker.png",
        "icon_url": "https://raw.githubusercontent.com/th-nguyen/cerdar-asset/main/images/aed-marker.png",
        "name": "AED",
        "description": "AED",
        "pic_type": "movie",
        "movie": "https://www.youtube.com/embed/E8ppjdC55O4",
        "group": "下関市車いす防災まち歩き"
      },
      "geometry": {
        "type": "Point",
        "coordinates": [
          131.2435496542772,
          33.948681911498944
        ]
      }
    },
    {
      "type": "Feature",
      "properties": {
        "id": "92404963-4f41-4a16-ae58-c31b69979f81",
        "info_type": "info",
        "icon": "hinan-bldg-marker.png",
        "icon_url": "https://raw.githubusercontent.com/th-nguyen/cerdar-asset/main/images/hinan-bldg-marker.png",
        "name": "避難ビル",
        "description": "避難ビル",
        "group": "下関市車いす防災まち歩き"
      },
      "geometry": {
        "type": "Point",
        "coordinates": [
          131.24347353618992,
          33.948613777370994
        ]
      }
    },
    {
      "type": "Feature",
      "properties": {
        "id": "f03580d1-4070-4ab7-a5b6-0aef46c05a17",
        "info_type": "info",
        "icon": "bouka-marker.png",
        "icon_url": "https://raw.githubusercontent.com/th-nguyen/cerdar-asset/main/images/bouka-marker.png",
        "name": "防火水槽",
        "description": "防火水槽",
        "group": "下関市車いす防災まち歩き"
      },
      "geometry": {
        "type": "Point",
        "coordinates": [
          131.24358630333882,
          33.9486266992366
        ]
      }
    },
    {
      "type": "Feature",
      "properties": {
        "id": "7dd27d57-4b37-47b6-bb75-310b0b198b0a",
        "info_type": "info",
        "icon": "shoubo-marker.png",
        "icon_url": "https://raw.githubusercontent.com/th-nguyen/cerdar-asset/main/images/shoubo-marker.png",
        "name": "情報",
        "description": "",
        "group": "杉本キャンパス"
      },
      "geometry": {
        "type": "Point",
        "coordinates": [
          135.50476052486735,
          34.59148371025981
        ]
      }
    },
    {
      "type": "Feature",
      "properties": {
        "id": "f78bf9de-14ac-49d8-9c67-92ad0491a863",
        "info_type": "info",
        "icon": "keisatu-marker.png",
        "icon_url": "https://raw.githubusercontent.com/th-nguyen/cerdar-asset/main/images/keisatu-marker.png",
        "name": "交番",
        "description": "杉本町駅前の交番",
        "group": "杉本キャンパス"
      },
      "geometry": {
        "type": "Point",
        "coordinates": [
          135.5045727395569,
          34.59130296289786
        ]
      }
    },
    {
      "type": "Feature",
      "properties": {
        "id": "6b905238-ec5b-4ecf-9e27-78e971e911b2",
        "info_type": "info",
        "icon": "roujinhome-marker.png",
        "icon_url": "https://raw.githubusercontent.com/th-nguyen/cerdar-asset/main/images/roujinhome-marker.png",
        "name": "情報",
        "description": "",
        "group": "杉本キャンパス"
      },
      "geometry": {
        "type": "Point",
        "coordinates": [
          135.50472901250973,
          34.59178120899573
        ]
      }
    },
    {
      "type": "Feature",
      "properties": {
        "id": "dcb7c02f-8280-489b-92af-8de51e80a5fc",
        "info_type": "info",
        "icon": "bouka-marker.png",
        "icon_url": "https://raw.githubusercontent.com/th-nguyen/cerdar-asset/main/images/bouka-marker.png",
        "name": "防火水槽@学術情報総合センター",
        "description": "防火水槽@学術情報総合センター",
        "pic_type": "photo",
        "photo": "https://www.cerd.osaka-cu.ac.jp/cerdar_pics/Sugimoto/IMG_0068.JPG",
        "group": "杉本キャンパス"
      },
      "geometry": {
        "type": "Point",
        "coordinates": [
          135.50468228072359,
          34.59163316849956
        ]
      }
    },
    {
      "type": "Feature",
      "properties": {
        "id": "452815ce-b002-4353-8bb5-7e50f9090f15",
        "info_type": "info",
        "icon": "bouka-marker.png",
        "icon_url": "https://raw.githubusercontent.com/th-nguyen/cerdar-asset/main/images/bouka-marker.png",
        "name": "防火水槽",
        "description": "",
        "group": "なかもずキャンパス"
      },
      "geometry": {
        "type": "Point",
        "coordinates": [
          135.5040392835298,
          34.5446375027635
        ]
      }
    },
    {
      "type": "Feature",
      "properties": {
        "id": "d4fad2a8-2f07-42d4-9fe5-d22e4598e411",
        "info_type": "info",
        "icon": "hinan-bldg-marker.png",
        "icon_url": "https://raw.githubusercontent.com/th-nguyen/cerdar-asset/main/images/hinan-bldg-marker.png",
        "name": "ライフセントラルスクエア森ノ宮店",
        "description": "水害時避難ビル",
        "group": "なかもずキャンパス"
      },
      "geometry": {
        "type": "Point",
        "coordinates": [
          135.5042072919577,
          34.5446555725237
        ]
      }
    },
    {
      "type": "Feature",
      "properties": {
        "id": "7550fb8a-259e-443c-ab0e-f8b7bd96c99f",
        "info_type": "info",
        "icon": "shoubo-marker.png",
        "icon_url": "https://raw.githubusercontent.com/th-nguyen/cerdar-asset/main/images/shoubo-marker.png",
        "name": "1",
        "description": "マチカネくん1番",
        "group": "なかもずキャンパス"
      },
      "geometry": {
        "type": "Point",
        "coordinates": [
          135.50412578062057,
          34.54468220339369
        ]
      }
    },
    {
      "type": "Feature",
      "properties": {
        "id": "4ab5840b-f9d1-4828-8713-dcc36ea5ece6",
        "info_type": "info",
        "icon": "keisatu-marker.png",
        "icon_url": "https://raw.githubusercontent.com/th-nguyen/cerdar-asset/main/images/keisatu-marker.png",
        "name": "2",
        "description": "マチカネくん２番",
        "group": "なかもずキャンパス"
      },
      "geometry": {
        "type": "Point",
        "coordinates": [
          135.5041117266913,
          34.54454570233487
        ]
      }
    },
    {
      "type": "Feature",
      "properties": {
        "id": "95a274dc-2ad6-4926-ad48-e3d1980bb2f8",
        "info_type": "info",
        "icon": "shoubo-marker.png",
        "icon_url": "https://raw.githubusercontent.com/th-nguyen/cerdar-asset/main/images/shoubo-marker.png",
        "name": "1",
        "description": "マチカネくん1番",
        "group": "豊中市もしもフェスタ2025"
      },
      "geometry": {
        "type": "Point",
        "coordinates": [
          135.46484317889727,
          34.73329492388676
        ]
      }
    },
    {
      "type": "Feature",
      "properties": {
        "id": "33511bb6-5c2c-4ebb-b3e9-35365ffa9bc7",
        "info_type": "info",
        "icon": "keisatu-marker.png",
        "icon_url": "https://raw.githubusercontent.com/th-nguyen/cerdar-asset/main/images/keisatu-marker.png",
        "name": "2",
        "description": "マチカネくん２番",
        "group": "豊中市もしもフェスタ2025"
      },
      "geometry": {
        "type": "Point",
        "coordinates": [
          135.46474098592373,
          34.73304703209895
        ]
      }
    },
    {
      "type": "Feature",
      "properties": {
        "id": "35730941-f026-4666-b612-d81c1c3ec543",
        "info_type": "info",
        "icon": "roujinhome-marker.png",
        "icon_url": "https://raw.githubusercontent.com/th-nguyen/cerdar-asset/main/images/roujinhome-marker.png",
        "name": "3",
        "description": "マチカネくん３番",
        "group": "豊中市もしもフェスタ2025"
      },
      "geometry": {
        "type": "Point",
        "coordinates": [
          135.4651546785409,
          34.73311981343069
        ]
      }
    },
    {
      "type": "Feature",
      "properties": {
        "id": "543edaa9-2fb9-4a7d-b235-dd5965b850db",
        "info_type": "info",
        "icon": "bouka-marker.png",
        "icon_url": "https://raw.githubusercontent.com/th-nguyen/cerdar-asset/main/images/bouka-marker.png",
        "name": "地震のクイズ",
        "description": "クイズに答えよう！",
        "pic_type": "movie",
        "movie": "https://www.youtube.com/embed/rXpGw1tvoSk",
        "group": "豊中市もしもフェスタ2025"
      },
      "geometry": {
        "type": "Point",
        "coordinates": [
          135.46502793197584,
          34.73316595568081
        ]
      }
    },
    {
      "type": "Feature",
      "properties": {
        "id": "22b7e25b-fde0-437b-959c-1b78f69aae69",
        "info_type": "info",
        "icon": "hinan-bldg-marker.png",
        "icon_url": "https://raw.githubusercontent.com/th-nguyen/cerdar-asset/main/images/hinan-bldg-marker.png",
        "name": "火災のクイズ",
        "description": "クイズに答えよう",
        "pic_type": "movie",
        "movie": "https://www.youtube.com/embed/3ERaZmJVCJA",
        "group": "豊中市もしもフェスタ2025"
      },
      "geometry": {
        "type": "Point",
        "coordinates": [
          135.46517123728887,
          34.73303194384253
        ]
      }
    },
    {
      "type": "Feature",
      "properties": {
        "id": "9b88567e-8885-4413-b270-7933d2aab23b",
        "info_type": "info",
        "icon": "medicine-marker.png",
        "icon_url": "https://raw.githubusercontent.com/th-nguyen/cerdar-asset/main/images/medicine-marker.png",
        "name": "水害クイズ",
        "description": "クイズに答えよう！",
        "pic_type": "movie",
        "movie": "https://www.youtube.com/embed/1xuNBkGnTmo",
        "group": "豊中市もしもフェスタ2025"
      },
      "geometry": {
        "type": "Point",
        "coordinates": [
          135.46487070267634,
          34.733030642204646
        ]
      }
    },
    {
      "type": "Feature",
      "properties": {
        "id": "969d5408-c9fc-489e-84fa-bce4825c5e72",
        "info_type": "info",
        "icon": "icon_infoTag.png",
        "icon_url": "https://raw.githubusercontent.com/th-nguyen/cerdar-asset/main/images/icon_infoTag.png",
        "name": "情報アイコン",
        "description": "答えあわせをしてみよう！",
        "pic_type": "movie",
        "movie": "https://www.youtube.com/embed/6Kf3tpEdxdA",
        "group": "豊中市もしもフェスタ2025"
      },
      "geometry": {
        "type": "Point",
        "coordinates": [
          135.46504981294703,
          34.73383327965511
        ]
      }
    },
    {
      "type": "Feature",
      "properties": {
        "id": "1394ec60-655a-4a91-9fff-017ccffc73fa",
        "info_type": "info",
        "icon": "shoubo-marker.png",
        "icon_url": "https://raw.githubusercontent.com/th-nguyen/cerdar-asset/main/images/shoubo-marker.png",
        "name": "地震のクイズ",
        "description": "マチカネくん1番",
        "pic_type": "movie",
        "movie": "https://www.youtube.com/embed/rXpGw1tvoSk",
        "group": "豊中市庄内さくら学園授業"
      },
      "geometry": {
        "type": "Point",
        "coordinates": [
          135.4702997412018,
          34.74671287626485
        ]
      }
    },
    {
      "type": "Feature",
      "properties": {
        "id": "54abec75-57bf-4306-9240-bd2ada5b9b63",
        "info_type": "info",
        "icon": "roujinhome-marker.png",
        "icon_url": "https://raw.githubusercontent.com/th-nguyen/cerdar-asset/main/images/roujinhome-marker.png",
        "name": "火災のクイズ",
        "description": "マチカネくん3番",
        "pic_type": "movie",
        "movie": "https://www.youtube.com/embed/3ERaZmJVCJA",
        "group": "豊中市庄内さくら学園授業"
      },
      "geometry": {
        "type": "Point",
        "coordinates": [
          135.46980878504874,
          34.74626511377732
        ]
      }
    },
    {
      "type": "Feature",
      "properties": {
        "id": "5f187587-3bc6-48ec-b512-dbcd88a02ece",
        "info_type": "info",
        "icon": "keisatu-marker.png",
        "icon_url": "https://raw.githubusercontent.com/th-nguyen/cerdar-asset/main/images/keisatu-marker.png",
        "name": "水害クイズ",
        "description": "マチカネくん2番",
        "pic_type": "movie",
        "movie": "https://www.youtube.com/embed/1xuNBkGnTmo",
        "group": "豊中市庄内さくら学園授業"
      },
      "geometry": {
        "type": "Point",
        "coordinates": [
          135.4700862872939,
          34.7463407349999
        ]
      }
    },
    {
      "type": "Feature",
      "properties": {
        "id": "498a6280-c54e-4129-9ddc-b96eaa06aa95",
        "info_type": "info",
        "icon": "icon_infoTag.png",
        "icon_url": "https://raw.githubusercontent.com/th-nguyen/cerdar-asset/main/images/icon_infoTag.png",
        "name": "情報アイコン",
        "description": "答えあわせをしてみよう！",
        "pic_type": "movie",
        "movie": "https://www.youtube.com/embed/6Kf3tpEdxdA",
        "group": "豊中市庄内さくら学園授業"
      },
      "geometry": {
        "type": "Point",
        "coordinates": [
          135.4691552450351,
          34.7467094446057
        ]
      }
    },
    {
      "type": "Feature",
      "properties": {
        "id": "0eaaf6d6-f5c9-45b6-9e58-a84febee811d",
        "info_type": "info",
        "icon": "hinan-camp-marker.png",
        "icon_url": "https://raw.githubusercontent.com/th-nguyen/cerdar-asset/main/images/hinan-camp-marker.png",
        "name": "ひなんじょ",
        "description": "",
        "group": "大阪狭山防災レンジャー"
      },
      "geometry": {
        "type": "Point",
        "coordinates": [
          135.55079698562622,
          34.50900560341226
        ]
      }
    },
    {
      "type": "Feature",
      "properties": {
        "id": "e5a2b3a6-b6f6-4e3f-9e9d-09e18e5f134f",
        "info_type": "info",
        "icon": "keisatu-marker.png",
        "icon_url": "https://raw.githubusercontent.com/th-nguyen/cerdar-asset/main/images/keisatu-marker.png",
        "name": "こうばん",
        "description": "こうばん",
        "group": "大阪狭山防災レンジャー"
      },
      "geometry": {
        "type": "Point",
        "coordinates": [
          135.55550158023834,
          34.504668999948684
        ]
      }
    },
    {
      "type": "Feature",
      "properties": {
        "id": "8d1f3846-6068-4eca-9332-0956781aa868",
        "info_type": "info",
        "icon": "hinan-camp-marker.png",
        "icon_url": "https://raw.githubusercontent.com/th-nguyen/cerdar-asset/main/images/hinan-camp-marker.png",
        "name": "ひなんじょ",
        "description": "",
        "group": "大阪狭山防災レンジャー"
      },
      "geometry": {
        "type": "Point",
        "coordinates": [
          135.55645108222961,
          34.50499171113715
        ]
      }
    },
    {
      "type": "Feature",
      "properties": {
        "id": "249fa5a8-17b7-42fc-a1f1-bf250d161282",
        "info_type": "info",
        "icon": "hinan-camp-marker.png",
        "icon_url": "https://raw.githubusercontent.com/th-nguyen/cerdar-asset/main/images/hinan-camp-marker.png",
        "name": "ひなんじょ",
        "description": "",
        "group": "大阪狭山防災レンジャー"
      },
      "geometry": {
        "type": "Point",
        "coordinates": [
          135.55482029914856,
          34.506061511893854
        ]
      }
    },
    {
      "type": "Feature",
      "properties": {
        "id": "e7df12ba-37c8-44a8-a547-0fe24e2776fd",
        "info_type": "info",
        "icon": "shoubo-marker.png",
        "icon_url": "https://raw.githubusercontent.com/th-nguyen/cerdar-asset/main/images/shoubo-marker.png",
        "name": "消防署",
        "description": "消防署",
        "group": "大阪狭山防災レンジャー"
      },
      "geometry": {
        "type": "Point",
        "coordinates": [
          135.55570006370544,
          34.50420040339591
        ]
      }
    },
    {
      "type": "Feature",
      "properties": {
        "id": "e92e6116-e5a2-45b0-998b-a6c51a034d52",
        "info_type": "info",
        "icon": "aed-marker.png",
        "icon_url": "https://raw.githubusercontent.com/th-nguyen/cerdar-asset/main/images/aed-marker.png",
        "name": "AED",
        "description": "",
        "group": "大阪狭山防災レンジャー"
      },
      "geometry": {
        "type": "Point",
        "coordinates": [
          135.55553913116455,
          34.50378043254877
        ]
      }
    },
    {
      "type": "Feature",
      "properties": {
        "id": "6a300ab7-92a4-4cbe-b5f3-52c7e1eca350",
        "info_type": "info",
        "icon": "aed-marker.png",
        "icon_url": "https://raw.githubusercontent.com/th-nguyen/cerdar-asset/main/images/aed-marker.png",
        "name": "AED",
        "description": "AEDの使い方-私たちの勇気で救える命がある「かながわ☆スポットライト」かなチャンTV（神奈川県公式）",
        "pic_type": "movie",
        "movie": "https://www.youtube.com/embed/E8ppjdC55O4",
        "group": "大阪狭山防災レンジャー"
      },
      "geometry": {
        "type": "Point",
        "coordinates": [
          135.55389761924744,
          34.50560176449085
        ]
      }
    },
    {
      "type": "Feature",
      "properties": {
        "id": "4819a455-2092-4ee4-974d-99b31ea6b04f",
        "info_type": "info",
        "icon": "aed-marker.png",
        "icon_url": "https://raw.githubusercontent.com/th-nguyen/cerdar-asset/main/images/aed-marker.png",
        "name": "AED",
        "description": "AEDの使い方-私たちの勇気で救える命がある「かながわ☆スポットライト」かなチャンTV（神奈川県公式）",
        "pic_type": "movie",
        "movie": "https://www.youtube.com/embed/E8ppjdC55O4",
        "group": "大阪狭山防災レンジャー"
      },
      "geometry": {
        "type": "Point",
        "coordinates": [
          135.55096864700317,
          34.50888625037338
        ]
      }
    },
    {
      "type": "Feature",
      "properties": {
        "id": "ea84697d-dcbc-4925-9377-810c45ab1022",
        "info_type": "info",
        "icon": "aed-marker.png",
        "icon_url": "https://raw.githubusercontent.com/th-nguyen/cerdar-asset/main/images/aed-marker.png",
        "name": "AED",
        "description": "AEDの使い方-私たちの勇気で救える命がある「かながわ☆スポットライト」かなチャンTV（神奈川県公式）",
        "pic_type": "movie",
        "movie": "https://www.youtube.com/embed/E8ppjdC55O4",
        "group": "大阪狭山防災レンジャー"
      },
      "geometry": {
        "type": "Point",
        "coordinates": [
          135.55513143539426,
          34.506110138874725
        ]
      }
    },
    {
      "type": "Feature",
      "properties": {
        "id": "02362a59-81f2-4f7a-90fd-ceda10db0a8d",
        "info_type": "info",
        "icon": "aed-marker.png",
        "icon_url": "https://raw.githubusercontent.com/th-nguyen/cerdar-asset/main/images/aed-marker.png",
        "name": "AED",
        "description": "AEDの使い方-私たちの勇気で救える命がある「かながわ☆スポットライト」かなチャンTV（神奈川県公式）",
        "pic_type": "movie",
        "movie": "https://www.youtube.com/embed/E8ppjdC55O4",
        "group": "大阪狭山防災レンジャー"
      },
      "geometry": {
        "type": "Point",
        "coordinates": [
          135.55141925811768,
          34.507705972230426
        ]
      }
    },
    {
      "type": "Feature",
      "properties": {
        "id": "24b6ffcb-4a58-46c7-86b0-2bb41407e895",
        "info_type": "info",
        "icon": "roujinhome-marker.png",
        "icon_url": "https://raw.githubusercontent.com/th-nguyen/cerdar-asset/main/images/roujinhome-marker.png",
        "name": "？？？",
        "description": "クイズ",
        "pic_type": "movie",
        "movie": "https://www.youtube.com/embed/XOM-oAVJ2lk?si=XinGvSUnHweiq6cu",
        "group": "大阪狭山防災レンジャー"
      },
      "geometry": {
        "type": "Point",
        "coordinates": [
          135.5540156364441,
          34.505009393905894
        ]
      }
    },
    {
      "type": "Feature",
      "properties": {
        "id": "fb04f7cd-4cf6-4290-9a09-70adf80b1db8",
        "info_type": "info",
        "icon": "roujinhome-marker.png",
        "icon_url": "https://raw.githubusercontent.com/th-nguyen/cerdar-asset/main/images/roujinhome-marker.png",
        "name": "？？？",
        "description": "クイズ",
        "pic_type": "movie",
        "movie": "https://www.youtube.com/embed/ZiILz6W1W04?si=FqjgbpPv0AcTqsNl",
        "group": "大阪狭山防災レンジャー"
      },
      "geometry": {
        "type": "Point",
        "coordinates": [
          135.55145144462585,
          34.508227595343634
        ]
      }
    },
    {
      "type": "Feature",
      "properties": {
        "id": "0578cd21-5628-4360-984d-7475626dae2f",
        "info_type": "info",
        "icon": "roujinhome-marker.png",
        "icon_url": "https://raw.githubusercontent.com/th-nguyen/cerdar-asset/main/images/roujinhome-marker.png",
        "name": "？？？",
        "description": "クイズ",
        "pic_type": "movie",
        "movie": "https://www.youtube.com/embed/6FcQPRqaP6M?si=PHfKB5M4Qc3Oerfy",
        "group": "大阪狭山防災レンジャー"
      },
      "geometry": {
        "type": "Point",
        "coordinates": [
          135.55577516555783,
          34.504699944911344
        ]
      }
    },
    {
      "type": "Feature",
      "properties": {
        "id": "c011d867-649d-4cbb-a240-7bdee12e30fe",
        "info_type": "info",
        "icon": "bouka-marker.png",
        "icon_url": "https://raw.githubusercontent.com/th-nguyen/cerdar-asset/main/images/bouka-marker.png",
        "name": "地震クイズ",
        "description": "クイズに答えよう！",
        "pic_type": "movie",
        "movie": "https://www.youtube.com/embed/JQNWRDBUw2o?si=V3UBoAuR91WJChJl",
        "group": "門真みらい小学校"
      },
      "geometry": {
        "type": "Point",
        "coordinates": [
          135.58757199287146,
          34.746273046424534
        ]
      }
    },
    {
      "type": "Feature",
      "properties": {
        "id": "d945cb69-52a0-4ded-a6cc-f9ce1d3f6dbd",
        "info_type": "info",
        "icon": "medicine-marker.png",
        "icon_url": "https://raw.githubusercontent.com/th-nguyen/cerdar-asset/main/images/medicine-marker.png",
        "name": "水害クイズ",
        "description": "クイズに答えよう！",
        "pic_type": "movie",
        "movie": "https://www.youtube.com/embed/bucYaOO-32k?si=iOesDJm8NfZYUQov",
        "group": "門真みらい小学校"
      },
      "geometry": {
        "type": "Point",
        "coordinates": [
          135.58789579097805,
          34.74601277103959
        ]
      }
    },
    {
      "type": "Feature",
      "properties": {
        "id": "6bf8af00-28f5-4b5c-b4dc-31baa4fd8186",
        "info_type": "info",
        "icon": "hinan-bldg-marker.png",
        "icon_url": "https://raw.githubusercontent.com/th-nguyen/cerdar-asset/main/images/hinan-bldg-marker.png",
        "name": "火災クイズ",
        "description": "クイズに答えよう！",
        "pic_type": "movie",
        "movie": "https://www.youtube.com/embed/UG3T6Af0xnc?si=4n2JGLR_6sD0buZu",
        "group": "門真みらい小学校"
      },
      "geometry": {
        "type": "Point",
        "coordinates": [
          135.58746617346748,
          34.745541278805995
        ]
      }
    },
    {
      "type": "Feature",
      "properties": {
        "id": "bbc9a036-a51e-44ca-a7ac-ea681fa1c00b",
        "info_type": "info",
        "icon": "keisatu-marker.png",
        "icon_url": "https://raw.githubusercontent.com/th-nguyen/cerdar-asset/main/images/keisatu-marker.png",
        "name": "ガラスケ",
        "description": "学校内のポイントをまわって、クイズに答えよう！",
        "group": "門真みらい小学校"
      },
      "geometry": {
        "type": "Point",
        "coordinates": [
          135.58725601516798,
          34.7458971389419
        ]
      }
    },
    {
      "type": "Feature",
      "properties": {
        "id": "db9539b8-8e8a-43b7-ae45-7c74b2b47656",
        "info_type": "warn",
        "icon": "icon_warn1.png",
        "name": "浸水",
        "description": "浸水発生",
        "range": 20,
        "start": "2025/12/22 13:00",
        "stop": "2026/03/22 13:00",
        "message1": "【通行注意】近くで浸水しています！注意してください！",
        "message2": "【通行注意】浸水のエリアに入りました！ただちに，安全なエリアに移動してください！",
        "risk_type": 1,
        "water_level": "1",
        "group": "横路小学校区AR防災まち歩き"
      },
      "geometry": {
        "type": "Point",
        "coordinates": [
          132.61239197646532,
          34.24097687145159
        ]
      }
    },
    {
      "type": "Feature",
      "properties": {
        "id": "10cd90c6-528f-4ac7-a3ae-ea7f1cbd020c",
        "info_type": "warn",
        "icon": "icon_warn2.png",
        "name": "土砂崩れ",
        "description": "土砂崩れが発生",
        "range": 30,
        "start": "2025/12/22 13:07",
        "stop": "2026/03/22 13:07",
        "message1": "【通行禁止】土砂崩れが発生しているエリアに近づいています！通行はできません！",
        "message2": "【通行禁止】土砂崩れが発生しているエリアに侵入しました！危険です！ただちにエリアから離れてください！",
        "risk_type": 2,
        "intensity": 1,
        "group": "横路小学校区AR防災まち歩き"
      },
      "geometry": {
        "type": "Point",
        "coordinates": [
          132.620863030295,
          34.2473895219806
        ]
      }
    },
    {
      "type": "Feature",
      "properties": {
        "id": "03fb268f-1216-47d9-a926-72e5fe8a6556",
        "info_type": "warn",
        "icon": "icon_warn1.png",
        "name": "浸水",
        "description": "浸水発生",
        "range": 20,
        "start": "2025/12/22 13:09",
        "stop": "2026/03/22 13:09",
        "message1": "【通行注意】近くで浸水しています！注意してください！",
        "message2": "【通行注意】浸水のエリアに入りました！ただちに，安全なエリアに移動してください！",
        "risk_type": 1,
        "water_level": "1",
        "group": "横路小学校区AR防災まち歩き"
      },
      "geometry": {
        "type": "Point",
        "coordinates": [
          132.61383918810455,
          34.24223530195712
        ]
      }
    },
    {
      "type": "Feature",
      "properties": {
        "id": "006a1d56-9280-49e5-a7cc-17eed23b37ef",
        "info_type": "warn",
        "icon": "icon_warn1.png",
        "name": "浸水",
        "description": "浸水発生",
        "range": 50,
        "start": "2026/01/13 17:53",
        "stop": "2026/04/13 17:53",
        "message1": "【通行注意】近くで浸水しています！注意してください！",
        "message2": "【通行注意】浸水のエリアに入りました！ただちに，安全なエリアに移動してください！",
        "risk_type": 1,
        "water_level": "1",
        "group": "横路小学校区AR防災まち歩き"
      },
      "geometry": {
        "type": "Point",
        "coordinates": [
          132.61567838450304,
          34.239434510801885
        ]
      }
    },
    {
      "type": "Feature",
      "properties": {
        "id": "00de5c1a-60df-453d-b183-33779dddd53b",
        "info_type": "warn",
        "icon": "icon_warn2.png",
        "name": "土砂崩れ",
        "description": "土砂崩れが発生",
        "range": 20,
        "start": "2026/01/13 17:56",
        "stop": "2026/04/13 17:56",
        "message1": "【通行禁止】土砂崩れが発生しているエリアに近づいています！通行はできません！",
        "message2": "【通行禁止】土砂崩れが発生しているエリアに侵入しました！危険です！ただちにエリアから離れてください！",
        "risk_type": 2,
        "intensity": 1,
        "group": "横路小学校区AR防災まち歩き"
      },
      "geometry": {
        "type": "Point",
        "coordinates": [
          132.61323798337753,
          34.244030447800405
        ]
      }
    },
    {
      "type": "Feature",
      "properties": {
        "id": "639921fb-97ba-4130-9ba1-5e7ab5024830",
        "info_type": "warn",
        "icon": "icon_warn3.png",
        "name": "道路閉塞(家屋倒壊)",
        "description": "家屋倒壊が発生",
        "range": 10,
        "start": "2026/01/13 18:19",
        "stop": "2026/04/13 18:19",
        "message1": "【通行注意】家屋倒壊のエリアに近づいています！注意してください！",
        "message2": "【通行注意】家屋倒壊のエリアに入りました！危険です！ただちにエリアから離れてください！",
        "risk_type": 4,
        "intensity": 1,
        "group": "横路小学校区AR防災まち歩き"
      },
      "geometry": {
        "type": "Point",
        "coordinates": [
          132.61421078494007,
          34.243893307246886
        ]
      }
    },
    {
      "type": "Feature",
      "properties": {
        "id": "d1f4d6ac-4ccd-4cd4-8225-37991d0d1b9e",
        "info_type": "warn",
        "icon": "icon_warn4.png",
        "name": "落下物ハザード",
        "description": "落下物に注意！！！",
        "range": 10,
        "start": "2017/02/20 21:35",
        "stop": "2025/11/07 23:00",
        "message1": "【通行注意】落下物のエリアに近づいてます！",
        "message2": "【通行注意】落下物のエリアに入ってます！",
        "risk_type": 4,
        "intensity": 1
      },
      "geometry": {
        "type": "Point",
        "coordinates": [
          139.0631360587298,
          37.91829041482507
        ]
      }
    },
    {
      "type": "Feature",
      "properties": {
        "id": "525d9816-3194-4935-8d85-270308ddc5a6",
        "info_type": "warn",
        "icon": "icon_warn3.png",
        "name": "地震だ！古い建物から離れて！",
        "description": "揺れに注意！！！",
        "range": 5,
        "start": "2017/02/20 21:35",
        "stop": "2025/11/07 23:00",
        "message1": "【地震注意】ゆれにちゅういして！",
        "message2": "がれきがふってくるよ！気をつけて！",
        "risk_type": 4,
        "intensity": 1,
        "group": "門真市キタショウ"
      },
      "geometry": {
        "type": "Point",
        "coordinates": [
          135.58454990386963,
          34.74348592230714
        ]
      }
    },
    {
      "type": "Feature",
      "properties": {
        "id": "d427da96-bdd2-485b-9961-ec11eb326055",
        "info_type": "warn",
        "icon": "icon_warn1.png",
        "name": "大雨でみずびたし！",
        "description": "しんすいにちゅうい！",
        "range": 10,
        "start": "2023/05/01 10:00",
        "stop": "2024/05/01 10:00",
        "message1": "おおあめがふってきた！",
        "message2": "ひなんするときはちゅういしてね！",
        "risk_type": 1,
        "water_level": "1",
        "group": "門真市キタショウ"
      },
      "geometry": {
        "type": "Point",
        "coordinates": [
          135.58473765850067,
          34.743494738317175
        ]
      }
    },
    {
      "type": "Feature",
      "properties": {
        "id": "354ae01a-0daf-445a-8e29-7851caadfba1",
        "info_type": "warn",
        "icon": "icon_warn4.png",
        "name": "【通行禁止】液状化災害",
        "description": "液状化災害が発生",
        "range": 10,
        "start": "2017/01/05 09:50",
        "stop": "2022/11/07 23:00",
        "message1": "【通行禁止】液状化災害が発生しています！通行はできません！",
        "message2": "【通行禁止】液状化災害が発生しているエリアに侵入しました！危険です！ただちにエリアから離れてください！",
        "risk_type": 8,
        "lique_mode": 2
      },
      "geometry": {
        "type": "Point",
        "coordinates": [
          135.495278,
          34.704907
        ]
      }
    },
    {
      "type": "Feature",
      "properties": {
        "id": "3fdd09de-61d2-43ca-8d0e-135522b70c8d",
        "info_type": "warn",
        "icon": "icon_warn0.png",
        "name": "【通行禁止】火災発生",
        "description": "木造住宅街で火災発生",
        "range": 20,
        "start": "2017/01/05 09:50",
        "stop": "2022/11/07 23:00",
        "message1": "【通行禁止】近くで火事がおきています！注意してください！",
        "message2": "【通行禁止】火事のエリアに入りました！ただちに，安全なエリアに移動してください！",
        "risk_type": 0,
        "intensity": 1
      },
      "geometry": {
        "type": "Point",
        "coordinates": [
          135.494814,
          34.7063
        ]
      }
    },
    {
      "type": "Feature",
      "properties": {
        "id": "324b3020-2b96-4bc4-8d16-cb4ef85a75fc",
        "info_type": "warn",
        "icon": "icon_warn0.png",
        "name": "【通行禁止】火災発生",
        "description": "木造住宅街で火災発生",
        "range": 30,
        "start": "2017/01/05 10:05",
        "stop": "2022/11/07 23:00",
        "message1": "【通行禁止】近くで火事がおきています！注意してください！",
        "message2": "【通行禁止】火事のエリアに入りました！ただちに，安全なエリアに移動してください！",
        "risk_type": 0,
        "intensity": 1
      },
      "geometry": {
        "type": "Point",
        "coordinates": [
          135.496086,
          34.705668
        ]
      }
    },
    {
      "type": "Feature",
      "properties": {
        "id": "52214a9e-de35-4134-a9a8-fc90a7ed5cb3",
        "info_type": "warn",
        "icon": "icon_warn0.png",
        "name": "【通行禁止】火災発生",
        "description": "木造住宅街で火災発生",
        "range": 50,
        "start": "2017/01/05 10:00",
        "stop": "2022/11/07 23:00",
        "message1": "【通行禁止】近くで火事がおきています！注意してください！",
        "message2": "【通行禁止】火事のエリアに入りました！ただちに，安全なエリアに移動してください！",
        "risk_type": 0,
        "intensity": 1
      },
      "geometry": {
        "type": "Point",
        "coordinates": [
          135.496639,
          34.704322
        ]
      }
    },
    {
      "type": "Feature",
      "properties": {
        "id": "d0669840-dffd-4743-bd72-9c815e63d7ab",
        "info_type": "warn",
        "icon": "icon_warn4.png",
        "name": "【通行禁止】液状化災害",
        "description": "液状化災害が発生",
        "range": 10,
        "start": "2017/01/05 09:50",
        "stop": "2022/11/07 23:00",
        "message1": "【通行禁止】液状化災害が発生しています！通行はできません！",
        "message2": "【通行禁止】液状化災害が発生しているエリアに侵入しました！危険です！ただちにエリアから離れてください！",
        "risk_type": 8,
        "lique_mode": 2
      },
      "geometry": {
        "type": "Point",
        "coordinates": [
          135.495278,
          34.704907
        ]
      }
    },
    {
      "type": "Feature",
      "properties": {
        "id": "40b47c95-86fc-4e9a-ac48-31c37eba40cb",
        "info_type": "warn",
        "icon": "icon_warn1.png",
        "name": "【通行注意】浸水災害",
        "description": "津波による浸水",
        "range": 100,
        "start": "2019/11/14 12:25",
        "stop": "2025/11/07 23:00",
        "message1": "【通行注意】近くで浸水しています！注意してください！",
        "message2": "【通行注意】浸水のエリアに入りました！ただちに，安全なエリアに移動してください！",
        "risk_type": 1,
        "water_level": "1"
      },
      "geometry": {
        "type": "Point",
        "coordinates": [
          135.52335262298584,
          34.69501010124906
        ]
      }
    },
    {
      "type": "Feature",
      "properties": {
        "id": "b92e2c64-246c-4852-bf33-e2c83838b485",
        "info_type": "warn",
        "icon": "icon_warn0.png",
        "name": "【通行禁止】火災発生",
        "description": "住宅街で火災発生",
        "range": 30,
        "start": "2017/02/20 21:50",
        "stop": "2025/11/07 23:00",
        "message1": "【通行禁止】近くで火事がおきています！注意してください！",
        "message2": "【通行禁止】火事のエリアに入りました！ただちに，安全なエリアに移動してください！",
        "risk_type": 0,
        "intensity": 1
      },
      "geometry": {
        "type": "Point",
        "coordinates": [
          135.51876068115234,
          34.69514241885109
        ]
      }
    },
    {
      "type": "Feature",
      "properties": {
        "id": "b7fa5e46-c6c9-4f3e-85f4-5d3b9de83d52",
        "info_type": "warn",
        "icon": "icon_warn4.png",
        "name": "【通行禁止】ガラス片落下",
        "description": "",
        "range": 10,
        "start": "2017/02/20 21:35",
        "stop": "2025/11/07 23:00",
        "message1": "【通行注意】ガラス片が落下しているエリアに近づいています！通行はできません！",
        "message2": "【通行注意】ガラス片が落下しているエリアに侵入しました！危険です！ただちにエリアから離れてください！",
        "risk_type": 4,
        "intensity": 1
      },
      "geometry": {
        "type": "Point",
        "coordinates": [
          135.51883578300476,
          34.69477192903228
        ]
      }
    },
    {
      "type": "Feature",
      "properties": {
        "id": "1eeec82b-f290-41e7-b68e-e72d1806f07f",
        "info_type": "warn",
        "icon": "icon_warn4.png",
        "name": "【通行禁止】道路閉塞",
        "description": "警告内容の解説文",
        "range": 10,
        "start": "2017/02/20 21:35",
        "stop": "2025/11/07 23:00",
        "message1": "【通行禁止】家が崩れているエリアに近づいています！通行はできません！",
        "message2": "【通行禁止】家が崩れているエリアに侵入しました！危険です！ただちにエリアから離れてください！",
        "risk_type": 4,
        "intensity": 1
      },
      "geometry": {
        "type": "Point",
        "coordinates": [
          135.51964581012726,
          34.69454698797595
        ]
      }
    },
    {
      "type": "Feature",
      "properties": {
        "id": "5894a1b4-0662-4838-bc5e-95a0310b2a70",
        "info_type": "warn",
        "icon": "icon_warn1.png",
        "name": "【通行禁止】浸水災害",
        "description": "淀川川で浸水災害",
        "range": 40,
        "start": "2017/01/05 09:55",
        "stop": "2025/11/07 23:00",
        "message1": "【通行注意】近くで浸水しています！注意してください！",
        "message2": "【通行注意】浸水のエリアに入りました！ただちに，安全なエリアに移動してください！",
        "risk_type": 1,
        "water_level": "1"
      },
      "geometry": {
        "type": "Point",
        "coordinates": [
          135.52503168582916,
          34.69811068811859
        ]
      }
    },
    {
      "type": "Feature",
      "properties": {
        "id": "c53c0733-78b0-463e-9f55-50e4035f77bd",
        "info_type": "warn",
        "icon": "icon_warn1.png",
        "name": "【通行禁止】寝屋川氾濫浸水",
        "description": "寝屋川で浸水災害",
        "range": 40,
        "start": "2017/01/05 09:55",
        "stop": "2025/11/07 23:00",
        "message1": "【通行注意】近くで浸水しています！注意してください！",
        "message2": "【通行注意】浸水のエリアに入りました！ただちに，安全なエリアに移動してください！",
        "risk_type": 1,
        "water_level": "1"
      },
      "geometry": {
        "type": "Point",
        "coordinates": [
          135.54229974746704,
          34.68692068341638
        ]
      }
    },
    {
      "type": "Feature",
      "properties": {
        "id": "773584a9-0d54-4307-b87a-88fe11db5d81",
        "info_type": "warn",
        "icon": "icon_warn8.png",
        "name": "【通行禁止】液状化",
        "description": "",
        "range": 10,
        "start": "2017/02/20 21:35",
        "stop": "2025/11/07 23:00",
        "message1": "【通行禁止】液状化しているエリアに近づいています！通行はできません！",
        "message2": "【通行禁止】液状化しているエリアに侵入しました！危険です！ただちにエリアから離れてください！",
        "risk_type": 8,
        "lique_mode": 2
      },
      "geometry": {
        "type": "Point",
        "coordinates": [
          135.54050803184506,
          34.68323739867582
        ]
      }
    },
    {
      "type": "Feature",
      "properties": {
        "id": "082a1f23-3ac1-4ae6-adba-a9fa49456338",
        "info_type": "warn",
        "icon": "icon_warn4.png",
        "name": "【通行禁止】家屋倒壊",
        "description": "",
        "range": 20,
        "start": "2017/02/20 21:35",
        "stop": "2025/11/07 23:00",
        "message1": "【通行禁止】家やブロック塀が崩れているエリアに近づいています！通行はできません！",
        "message2": "【通行禁止】家やブロック塀が崩れているエリアに侵入しました！危険です！ただちにエリアから離れてください！",
        "risk_type": 4,
        "intensity": 1
      },
      "geometry": {
        "type": "Point",
        "coordinates": [
          135.54181694984436,
          34.684066703425955
        ]
      }
    },
    {
      "type": "Feature",
      "properties": {
        "id": "61f1d247-83b7-4cff-bdb8-807a29f5ef12",
        "info_type": "warn",
        "icon": "icon_warn4.png",
        "name": "【通行禁止】道路閉塞",
        "description": "警告内容の解説文",
        "range": 10,
        "start": "2017/02/20 21:35",
        "stop": "2025/11/07 23:00",
        "message1": "【通行注意】家屋倒壊しているエリアに近づいています！通行はできません！",
        "message2": "【通行注意】家屋倒壊しているエリアに侵入しました！危険です！ただちにエリアから離れてください！",
        "risk_type": 4,
        "intensity": 1
      },
      "geometry": {
        "type": "Point",
        "coordinates": [
          135.5408674478531,
          34.68347119287699
        ]
      }
    },
    {
      "type": "Feature",
      "properties": {
        "id": "abb26a1a-c88d-47af-ba3d-15a4ba79b0c6",
        "info_type": "warn",
        "icon": "icon_warn0.png",
        "name": "【通行禁止】火災発生",
        "description": "木造住宅街で火災発生",
        "range": 20,
        "start": "2017/02/20 21:35",
        "stop": "2025/11/07 23:00",
        "message1": "【通行禁止】近くで火事がおきています！注意してください！",
        "message2": "【通行禁止】火事のエリアに入りました！ただちに，安全なエリアに移動してください！",
        "risk_type": 0,
        "intensity": 1
      },
      "geometry": {
        "type": "Point",
        "coordinates": [
          135.54457426071167,
          34.6857738099275
        ]
      }
    },
    {
      "type": "Feature",
      "properties": {
        "id": "b519157f-bec9-479a-8b20-08de69440ae8",
        "info_type": "warn",
        "icon": "icon_warn5.png",
        "name": "【通行禁止】ブロック塀倒壊",
        "description": "ブロック塀が崩壊",
        "range": 10,
        "start": "2017/02/20 21:35",
        "stop": "2025/11/07 23:00",
        "message1": "【通行禁止】ブロック塀が崩れているエリアに近づいています！通行はできません！",
        "message2": "【通行禁止】ブロック塀が崩れているエリアに侵入しました！危険です！ただちにエリアから離れてください！",
        "risk_type": 5,
        "wall_count": 3
      },
      "geometry": {
        "type": "Point",
        "coordinates": [
          135.5457490682602,
          34.68542092258071
        ]
      }
    },
    {
      "type": "Feature",
      "properties": {
        "id": "cacb12df-d04f-4ba5-ad51-b098e1edede9",
        "info_type": "warn",
        "icon": "icon_warn1.png",
        "name": "【通行注意】浸水災害",
        "description": "大和川氾濫による浸水",
        "range": 1000,
        "start": "2019/11/14 12:25",
        "stop": "2022/11/07 23:00",
        "message1": "【通行注意】近くで浸水しています！注意してください！",
        "message2": "【通行注意】浸水のエリアに入りました！ただちに，安全なエリアに移動してください！",
        "risk_type": 1,
        "water_level": "1"
      },
      "geometry": {
        "type": "Point",
        "coordinates": [
          135.473421,
          34.601351
        ]
      }
    },
    {
      "type": "Feature",
      "properties": {
        "id": "ee74de18-2b67-4375-9ef4-d9319ad43a1c",
        "info_type": "warn",
        "icon": "icon_warn4.png",
        "name": "【通行禁止】道路閉塞",
        "description": "警告内容の解説文",
        "range": 10,
        "start": "2017/02/20 21:35",
        "stop": "2022/11/07 23:00",
        "message1": "【通行禁止】家やブロック塀が崩れているエリアに近づいています！通行はできません！",
        "message2": "【通行禁止】家やブロック塀が崩れているエリアに侵入しました！危険です！ただちにエリアから離れてください！",
        "risk_type": 4,
        "intensity": 1
      },
      "geometry": {
        "type": "Point",
        "coordinates": [
          135.505298,
          34.596737
        ]
      }
    },
    {
      "type": "Feature",
      "properties": {
        "id": "7437929a-c59b-4a2e-8e23-5f12abbe4323",
        "info_type": "warn",
        "icon": "icon_warn0.png",
        "name": "ポイント9： 住宅密集地域期での火災延焼",
        "description": "この地区は熊野街道沿いの古くからの街並みが残るところです。地震時の家屋倒壊による避難路の閉塞、火災による延焼などのリス",
        "range": 35,
        "start": "2019/11/01 00:00",
        "stop": "2022/11/07 23:00",
        "message1": "【通行注意】近くで火事がおきています！注意してください！",
        "message2": "【通行注意】火事のエリアに入りました！ただちに，安全なエリアに移動してください！",
        "risk_type": 0,
        "intensity": 1
      },
      "geometry": {
        "type": "Point",
        "coordinates": [
          135.49662709236145,
          34.60518827654726
        ]
      }
    },
    {
      "type": "Feature",
      "properties": {
        "id": "5c2d3b57-3943-4abb-8e23-3856ce31cea0",
        "info_type": "warn",
        "icon": "icon_warn5.png",
        "name": "ポイント6： ブロック塀の確認",
        "description": "高いコンクリートブロック塀は中程度の地震でも倒壊の可能性があります。まだに街中には多くのブロック塀があります。",
        "range": 10,
        "start": "2019/11/01 00:00",
        "stop": "2022/11/07 23:00",
        "message1": "【通行注意】ブロック塀が崩れているエリアに近づいています！",
        "message2": "【通行注意】ブロック塀が崩れているエリアに侵入しました！危険です！ただちにエリアから離れてください！",
        "risk_type": 5,
        "wall_count": 3
      },
      "geometry": {
        "type": "Point",
        "coordinates": [
          135.49390733242035,
          34.60737827204162
        ]
      }
    },
    {
      "type": "Feature",
      "properties": {
        "id": "829002b2-3908-4db7-985d-954663d02d53",
        "info_type": "warn",
        "icon": "icon_warn1.png",
        "name": "ポイント4： 沖積低地での内水氾濫のリスク",
        "description": "細井川の両岸は直立の矢板護岸となっていて、地形が周辺よりも高い状況にあります。一方、細井川の南側は川に沿って谷状の低い土地となっています。家屋の密集も認められます。",
        "range": 80,
        "start": "2019/11/01 00:00",
        "stop": "2022/11/07 23:00",
        "message1": "【通行注意】近くで浸水しています！注意してください！",
        "message2": "【通行注意】浸水のエリアに入りました！ただちに，安全なエリアに移動してください！",
        "risk_type": 1,
        "water_level": "1"
      },
      "geometry": {
        "type": "Point",
        "coordinates": [
          135.49427211284637,
          34.610243723266684
        ]
      }
    },
    {
      "type": "Feature",
      "properties": {
        "id": "c156a82b-83d5-47dc-89da-aabcb06de6a4",
        "info_type": "warn",
        "icon": "icon_warn1.png",
        "name": "ポイント7： 低地部での河川氾濫の確認",
        "description": "住吉区南西部は大和川の氾濫で被害を受けた地域でもあります。「マップナビおおさか」や「重ねる防災マップ」などで地域の浸水想定を確認し、水害時の避難について考えましょう。",
        "range": 80,
        "start": "2019/11/01 00:00",
        "stop": "2022/11/07 23:00",
        "message1": "【通行注意】近くで浸水しています！注意してください！",
        "message2": "【通行注意】浸水のエリアに入りました！ただちに，安全なエリアに移動してください！",
        "risk_type": 1,
        "water_level": "1"
      },
      "geometry": {
        "type": "Point",
        "coordinates": [
          135.49383223056793,
          34.60630535807891
        ]
      }
    },
    {
      "type": "Feature",
      "properties": {
        "id": "16a3f520-f844-4771-b860-2a5c03863b56",
        "info_type": "warn",
        "icon": "icon_warn1.png",
        "name": "ポイント7： 低地部での河川氾濫の確認",
        "description": "住吉区南西部は大和川の氾濫で被害を受けた地域でもあります。「マップナビおおさか」や「重ねる防災マップ」などで地域の浸水想定を確認し、水害時の避難について考えましょう。",
        "range": 80,
        "start": "2019/11/01 00:00",
        "stop": "2022/11/07 23:00",
        "message1": "【通行注意】近くで浸水しています！注意してください！",
        "message2": "【通行注意】浸水のエリアに入りました！ただちに，安全なエリアに移動してください！",
        "risk_type": 1,
        "water_level": "1"
      },
      "geometry": {
        "type": "Point",
        "coordinates": [
          135.49376249313354,
          34.60502490763288
        ]
      }
    },
    {
      "type": "Feature",
      "properties": {
        "id": "e9ee32ae-9bd6-4e7b-8f45-95ac23d75b60",
        "info_type": "warn",
        "icon": "icon_warn4.png",
        "name": "ポイント5： 家屋密集地の状況と土地区画整理",
        "description": "明治以降土地区画整理事業が進められ、都市の街区が整えられてきました。しかし、古くからある集落はその対象となりにくく、細い路地や密集した家屋の状況があります。",
        "range": 10,
        "start": "2017/02/20 21:35",
        "stop": "2022/11/07 23:00",
        "message1": "【通行禁止】家やブロック塀が崩れているエリアに近づいています！通行はできません！",
        "message2": "【通行禁止】家やブロック塀が崩れているエリアに侵入しました！危険です！ただちにエリアから離れてください！",
        "risk_type": 4,
        "intensity": 1
      },
      "geometry": {
        "type": "Point",
        "coordinates": [
          135.4934298992157,
          34.60861011912438
        ]
      }
    },
    {
      "type": "Feature",
      "properties": {
        "id": "76abe26b-a8d9-4e14-b64c-9e2a1caa46c9",
        "info_type": "warn",
        "icon": "icon_warn4.png",
        "name": "【通行注意】家屋倒壊",
        "description": "家屋倒壊",
        "range": 10,
        "start": "2017/02/20 21:35",
        "stop": "2022/11/07 23:00",
        "message1": "【通行禁止】家やブロック塀が崩れているエリアに近づいています！通行はできません！",
        "message2": "【通行禁止】家やブロック塀が崩れているエリアに侵入しました！危険です！ただちにエリアから離れてください！",
        "risk_type": 4,
        "intensity": 1
      },
      "geometry": {
        "type": "Point",
        "coordinates": [
          135.4956829547882,
          34.605077892180866
        ]
      }
    },
    {
      "type": "Feature",
      "properties": {
        "id": "089d3f9d-1769-4ac5-bd10-75b97ec4d887",
        "info_type": "warn",
        "icon": "icon_warn4.png",
        "name": "【通行注意】家屋倒壊",
        "description": "家屋倒壊",
        "range": 10,
        "start": "2017/02/20 21:35",
        "stop": "2022/11/07 23:00",
        "message1": "【通行禁止】家やブロック塀が崩れているエリアに近づいています！通行はできません！",
        "message2": "【通行禁止】家やブロック塀が崩れているエリアに侵入しました！危険です！ただちにエリアから離れてください！",
        "risk_type": 4,
        "intensity": 1
      },
      "geometry": {
        "type": "Point",
        "coordinates": [
          135.49428284168243,
          34.609117864394975
        ]
      }
    },
    {
      "type": "Feature",
      "properties": {
        "id": "be3a6349-6f8d-47d3-a2ea-092f6da81f1e",
        "info_type": "warn",
        "icon": "icon_warn1.png",
        "name": "ポイント10： 高潮浸水想定の確認",
        "description": "大阪府は，最悪の事態を想定した高潮浸水の想定浸水深を「マップナビおおさか」などで公開しています．最悪の場合1週間以上、浸水がおさまらない想定となっています。",
        "range": 80,
        "start": "2019/11/01 00:00",
        "stop": "2022/11/07 23:00",
        "message1": "【通行注意】近くで浸水しています！注意してください！",
        "message2": "【通行注意】浸水のエリアに入りました！ただちに，安全なエリアに移動してください！",
        "risk_type": 1,
        "water_level": "1"
      },
      "geometry": {
        "type": "Point",
        "coordinates": [
          135.49988865852356,
          34.60515736893948
        ]
      }
    },
    {
      "type": "Feature",
      "properties": {
        "id": "0a2e5bdf-ff0a-4899-a9e7-f0fbb54e6674",
        "info_type": "warn",
        "icon": "icon_warn0.png",
        "name": "火災",
        "description": "",
        "range": 20,
        "start": "2019/11/01 00:00",
        "stop": "2022/11/07 23:00",
        "message1": "【通行注意】近くで火事がおきています！注意してください！",
        "message2": "【通行注意】火事のエリアに入りました！ただちに，安全なエリアに移動してください！",
        "risk_type": 0,
        "intensity": 1
      },
      "geometry": {
        "type": "Point",
        "coordinates": [
          135.4934459924698,
          34.60840702014672
        ]
      }
    },
    {
      "type": "Feature",
      "properties": {
        "id": "8550b959-a6d4-4caf-b4e7-3b850977de9f",
        "info_type": "warn",
        "icon": "icon_warn5.png",
        "name": "ポイント6： ブロック塀の確認",
        "description": "高いコンクリートブロック塀は中程度の地震でも倒壊の可能性があります。まだに街中には多くのブロック塀があります。",
        "range": 10,
        "start": "2019/11/01 00:00",
        "stop": "2022/11/07 23:00",
        "message1": "【通行注意】ブロック塀が崩れているエリアに近づいています！",
        "message2": "【通行注意】ブロック塀が崩れているエリアに侵入しました！危険です！ただちにエリアから離れてください！",
        "risk_type": 5,
        "wall_count": 3
      },
      "geometry": {
        "type": "Point",
        "coordinates": [
          135.49390196800232,
          34.60720166164294
        ]
      }
    },
    {
      "type": "Feature",
      "properties": {
        "id": "8eee9e63-7ef1-46dc-890e-f8297994ec8e",
        "info_type": "warn",
        "icon": "icon_warn1.png",
        "name": "【通行禁止】浸水災害",
        "description": "浸水災害",
        "range": 50,
        "start": "2017/02/20 21:35",
        "stop": "2025/11/07 23:00",
        "message1": "【通行注意】近くで浸水しています！注意してください！",
        "message2": "【通行注意】浸水のエリアに入りました！ただちに，安全なエリアに移動してください！",
        "risk_type": 1,
        "water_level": "1"
      },
      "geometry": {
        "type": "Point",
        "coordinates": [
          135.49434185028076,
          34.597125416394114
        ]
      }
    },
    {
      "type": "Feature",
      "properties": {
        "id": "418d923e-9f17-452d-94a2-39d759dc0ed2",
        "info_type": "warn",
        "icon": "icon_warn4.png",
        "name": "【通行注意】家屋倒壊",
        "description": "家屋倒壊が発生",
        "range": 20,
        "start": "2017/01/05 09:50",
        "stop": "2025/11/07 23:30",
        "message1": "【通行注意】家屋倒壊のエリアに近づいています！注意してください！",
        "message2": "【通行注意】家屋倒壊のエリアに入りました！危険です！ただちにエリアから離れてください！",
        "risk_type": 4,
        "intensity": 1
      },
      "geometry": {
        "type": "Point",
        "coordinates": [
          135.49827933311462,
          34.59421093700272
        ]
      }
    },
    {
      "type": "Feature",
      "properties": {
        "id": "ccf6ed21-1c25-4eb2-ba4b-1eed11857dcd",
        "info_type": "warn",
        "icon": "icon_warn2.png",
        "name": "【通行禁止】土砂崩れ",
        "description": "土砂崩れが発生",
        "range": 50,
        "start": "2017/02/20 21:35",
        "stop": "2025/11/07 23:00",
        "message1": "【通行禁止】土砂崩れが発生しているエリアに近づいています！通行はできません！",
        "message2": "【通行禁止】土砂崩れが発生しているエリアに侵入しました！危険です！ただちにエリアから離れてください！",
        "risk_type": 2,
        "intensity": 1
      },
      "geometry": {
        "type": "Point",
        "coordinates": [
          135.49165964126587,
          34.612619014644046
        ]
      }
    },
    {
      "type": "Feature",
      "properties": {
        "id": "fe98da8c-0465-46b8-a6ec-04953d85be77",
        "info_type": "warn",
        "icon": "icon_warn4.png",
        "name": "【通行注意】家屋倒壊",
        "description": "家屋倒壊が発生",
        "range": 20,
        "start": "2017/01/05 09:50",
        "stop": "2025/11/07 23:30",
        "message1": "【通行注意】家屋倒壊のエリアに近づいています！注意してください！",
        "message2": "【通行注意】家屋倒壊のエリアに入りました！危険です！ただちにエリアから離れてください！",
        "risk_type": 4,
        "intensity": 1
      },
      "geometry": {
        "type": "Point",
        "coordinates": [
          135.49594581127167,
          34.59678098324889
        ]
      }
    },
    {
      "type": "Feature",
      "properties": {
        "id": "bee4b6f0-08cb-4e28-8ed2-dee8285f1e7b",
        "info_type": "warn",
        "icon": "icon_warn0.png",
        "name": "【通行禁止】火災発生",
        "description": "木造住宅街で火災発生",
        "range": 20,
        "start": "2017/02/20 21:35",
        "stop": "2025/11/07 23:00",
        "message1": "【通行禁止】近くで火事がおきています！注意してください！",
        "message2": "【通行禁止】火事のエリアに入りました！ただちに，安全なエリアに移動してください！",
        "risk_type": 0,
        "intensity": 1
      },
      "geometry": {
        "type": "Point",
        "coordinates": [
          135.49616038799286,
          34.59675007251215
        ]
      }
    },
    {
      "type": "Feature",
      "properties": {
        "id": "0bc0add6-c945-44d8-bf57-790be90a0029",
        "info_type": "warn",
        "icon": "icon_warn5.png",
        "name": "【通行禁止】ブロック塀倒壊",
        "description": "警告内容の解説文",
        "range": 10,
        "start": "2017/02/20 21:35",
        "stop": "2022/11/07 23:00",
        "message1": "【通行禁止】家やブロック塀が崩れているエリアに近づいています！通行はできません！",
        "message2": "【通行禁止】家やブロック塀が崩れているエリアに侵入しました！危険です！ただちにエリアから離れてください！",
        "risk_type": 5,
        "wall_count": 3
      },
      "geometry": {
        "type": "Point",
        "coordinates": [
          135.49970090389252,
          34.59702826872854
        ]
      }
    },
    {
      "type": "Feature",
      "properties": {
        "id": "2efdc297-2b54-49b7-b35c-cff962a02c29",
        "info_type": "warn",
        "icon": "icon_warn0.png",
        "name": "【通行禁止】火災発生",
        "description": "木造住宅街で火災発生",
        "range": 20,
        "start": "2017/02/20 21:35",
        "stop": "2025/11/07 23:00",
        "message1": "【通行禁止】近くで火事がおきています！注意してください！",
        "message2": "【通行禁止】火事のエリアに入りました！ただちに，安全なエリアに移動してください！",
        "risk_type": 0,
        "intensity": 1
      },
      "geometry": {
        "type": "Point",
        "coordinates": [
          135.5018413066864,
          34.596599934484466
        ]
      }
    },
    {
      "type": "Feature",
      "properties": {
        "id": "7e285d28-555e-4527-86e6-e145ecac2ad2",
        "info_type": "warn",
        "icon": "icon_warn4.png",
        "name": "【通行注意】家屋倒壊",
        "description": "家屋倒壊が発生",
        "range": 20,
        "start": "2017/01/05 09:50",
        "stop": "2025/11/07 23:30",
        "message1": "【通行注意】家屋倒壊のエリアに近づいています！注意してください！",
        "message2": "【通行注意】家屋倒壊のエリアに入りました！危険です！ただちにエリアから離れてください！",
        "risk_type": 4,
        "intensity": 1
      },
      "geometry": {
        "type": "Point",
        "coordinates": [
          135.50227046012878,
          34.59658227116926
        ]
      }
    },
    {
      "type": "Feature",
      "properties": {
        "id": "b4871a56-a5a5-489f-b078-2193a491c8dd",
        "info_type": "warn",
        "icon": "icon_warn5.png",
        "name": "【通行禁止】ブロック塀倒壊",
        "description": "理学部裏のブロック塀が崩壊",
        "range": 20,
        "start": "2017/02/20 21:35",
        "stop": "2022/11/07 23:00",
        "message1": "【通行禁止】ブロック塀が崩れているエリアに近づいています！通行はできません！",
        "message2": "【通行禁止】ブロック塀が崩れているエリアに侵入しました！危険です！ただちにエリアから離れてください！",
        "risk_type": 5,
        "wall_count": 3
      },
      "geometry": {
        "type": "Point",
        "coordinates": [
          135.4998081922531,
          34.59755374792843
        ]
      }
    },
    {
      "type": "Feature",
      "properties": {
        "id": "749e5ec3-b0b0-41f3-9f26-acfbe41b03dd",
        "info_type": "warn",
        "icon": "icon_warn0.png",
        "name": "【通行禁止】火災発生",
        "description": "木造住宅街で火災発生",
        "range": 20,
        "start": "2017/02/20 21:35",
        "stop": "2025/11/07 23:00",
        "message1": "【通行禁止】近くで火事がおきています！注意してください！",
        "message2": "【通行禁止】火事のエリアに入りました！ただちに，安全なエリアに移動してください！",
        "risk_type": 0,
        "intensity": 1
      },
      "geometry": {
        "type": "Point",
        "coordinates": [
          135.49806475639343,
          34.59419768913566
        ]
      }
    },
    {
      "type": "Feature",
      "properties": {
        "id": "3d7db2f7-badf-4196-a5cf-fcffd83cf90f",
        "info_type": "warn",
        "icon": "icon_warn1.png",
        "name": "【通行禁止】浸水災害",
        "description": "淀川氾濫で浸水災害",
        "range": 10,
        "start": "2017/01/10 16:20",
        "stop": "2025/11/07 23:00",
        "message1": "【通行注意】近くで浸水しています！注意してください！",
        "message2": "【通行注意】浸水のエリアに入りました！ただちに，安全なエリアに移動してください！",
        "risk_type": 1,
        "water_level": "1"
      },
      "geometry": {
        "type": "Point",
        "coordinates": [
          135.523384809494,
          34.81869188950004
        ]
      }
    },
    {
      "type": "Feature",
      "properties": {
        "id": "183a3c82-dff1-4b48-b31f-b6a1c26f7be7",
        "info_type": "warn",
        "icon": "icon_warn0.png",
        "name": "【通行禁止】火災発生",
        "description": "木造住宅街で火災発生",
        "range": 10,
        "start": "2017/02/20 21:35",
        "stop": "2025/11/07 23:00",
        "message1": "【通行禁止】近くで火事がおきています！注意してください！",
        "message2": "【通行禁止】火事のエリアに入りました！ただちに，安全なエリアに移動してください！",
        "risk_type": 0,
        "intensity": 1
      },
      "geometry": {
        "type": "Point",
        "coordinates": [
          135.5233633518219,
          34.81927761790217
        ]
      }
    },
    {
      "type": "Feature",
      "properties": {
        "id": "250206ec-7f6f-43a5-b875-12c325e2c57b",
        "info_type": "warn",
        "icon": "icon_warn0.png",
        "name": "【通行禁止】火災発生",
        "description": "木造住宅街で火災発生",
        "range": 10,
        "start": "2017/02/20 22:06",
        "stop": "2032/11/07 23:00",
        "message1": "【通行禁止】近くで火事がおきています！注意してください！",
        "message2": "【通行禁止】火事のエリアに入りました！ただちに，安全なエリアに移動してください！",
        "risk_type": 0,
        "intensity": 1
      },
      "geometry": {
        "type": "Point",
        "coordinates": [
          135.50426065921783,
          34.59790259362853
        ]
      }
    },
    {
      "type": "Feature",
      "properties": {
        "id": "283f8124-7f70-42fa-8624-cf803a603d20",
        "info_type": "warn",
        "icon": "icon_warn4.png",
        "name": "【通行禁止】家屋倒壊",
        "description": "警告内容の解説文",
        "range": 10,
        "start": "2017/02/20 21:35",
        "stop": "2032/11/07 23:00",
        "message1": "【通行禁止】家やブロック塀が崩れているエリアに近づいています！通行はできません！",
        "message2": "【通行禁止】家やブロック塀が崩れているエリアに侵入しました！危険です！ただちにエリアから離れてください！",
        "risk_type": 4,
        "intensity": 1
      },
      "geometry": {
        "type": "Point",
        "coordinates": [
          135.50422847270966,
          34.59808805530296
        ]
      }
    },
    {
      "type": "Feature",
      "properties": {
        "id": "f3ed42ec-fe62-45e0-ab12-80b4a32e41c0",
        "info_type": "warn",
        "icon": "icon_warn3.png",
        "name": "【通行注意】煙",
        "description": "煙が発生",
        "range": 20,
        "start": "2017/01/05 09:50",
        "stop": "2032/11/07 23:30",
        "message1": "【通行注意】煙のエリアに近づいています！注意してください！",
        "message2": "【通行注意】煙のエリアに入りました！危険です！ただちにエリアから離れてください！",
        "risk_type": 3
      },
      "geometry": {
        "type": "Point",
        "coordinates": [
          135.50430357456207,
          34.59764206343405
        ]
      }
    },
    {
      "type": "Feature",
      "properties": {
        "id": "4350f271-e1ee-4504-82c5-d97f762d5d8f",
        "info_type": "warn",
        "icon": "icon_warn0.png",
        "name": "【通行禁止】火災発生",
        "description": "木造住宅街で火災発生",
        "range": 20,
        "start": "2017/02/20 21:57",
        "stop": "2030/11/07 23:00",
        "message1": "【通行禁止】近くで火事がおきています！注意してください！",
        "message2": "【通行禁止】火事のエリアに入りました！ただちに，安全なエリアに移動してください！",
        "risk_type": 0,
        "intensity": 1
      },
      "geometry": {
        "type": "Point",
        "coordinates": [
          135.5045986175537,
          34.59699735808384
        ]
      }
    },
    {
      "type": "Feature",
      "properties": {
        "id": "a0585c08-c49a-4069-af8d-8056a6e67a9a",
        "info_type": "warn",
        "icon": "icon_warn0.png",
        "name": "【通行禁止】火災発生",
        "description": "木造住宅街で火災発生",
        "range": 30,
        "start": "2017/02/20 21:50",
        "stop": "2032/11/07 23:00",
        "message1": "【通行禁止】近くで火事がおきています！注意してください！",
        "message2": "【通行禁止】火事のエリアに入りました！ただちに，安全なエリアに移動してください！",
        "risk_type": 0,
        "intensity": 1
      },
      "geometry": {
        "type": "Point",
        "coordinates": [
          135.5045610666275,
          34.596617597795934
        ]
      }
    },
    {
      "type": "Feature",
      "properties": {
        "id": "3d0f7f31-4ce9-4af8-b192-453b5da1675d",
        "info_type": "warn",
        "icon": "icon_warn0.png",
        "name": "【通行禁止】火災発生",
        "description": "木造住宅街で火災発生",
        "range": 20,
        "start": "2017/02/20 21:43",
        "stop": "2032/11/07 23:00",
        "message1": "【通行禁止】近くで火事がおきています！注意してください！",
        "message2": "【通行禁止】火事のエリアに入りました！ただちに，安全なエリアに移動してください！",
        "risk_type": 0,
        "intensity": 1
      },
      "geometry": {
        "type": "Point",
        "coordinates": [
          135.5041694641113,
          34.596334984361874
        ]
      }
    },
    {
      "type": "Feature",
      "properties": {
        "id": "a42348fd-83d3-40de-84f1-39e4c4f357fc",
        "info_type": "warn",
        "icon": "icon_warn0.png",
        "name": "【通行禁止】火災発生",
        "description": "木造住宅街で火災発生",
        "range": 30,
        "start": "2017/02/20 22:02",
        "stop": "2032/11/07 23:00",
        "message1": "【通行禁止】近くで火事がおきています！注意してください！",
        "message2": "【通行禁止】火事のエリアに入りました！ただちに，安全なエリアに移動してください！",
        "risk_type": 0,
        "intensity": 1
      },
      "geometry": {
        "type": "Point",
        "coordinates": [
          135.50462543964386,
          34.59622458822803
        ]
      }
    },
    {
      "type": "Feature",
      "properties": {
        "id": "ffa737d1-6da0-4852-8670-c7ce71716580",
        "info_type": "warn",
        "icon": "icon_warn4.png",
        "name": "【通行禁止】道路閉塞",
        "description": "警告内容の解説文",
        "range": 10,
        "start": "2017/02/20 21:35",
        "stop": "2032/11/07 23:00",
        "message1": "【通行禁止】家やブロック塀が崩れているエリアに近づいています！通行はできません！",
        "message2": "【通行禁止】家やブロック塀が崩れているエリアに侵入しました！危険です！ただちにエリアから離れてください！",
        "risk_type": 4,
        "intensity": 1
      },
      "geometry": {
        "type": "Point",
        "coordinates": [
          135.50390124320984,
          34.595950805183016
        ]
      }
    },
    {
      "type": "Feature",
      "properties": {
        "id": "836efac7-e12f-47f8-a1bf-6f0e829cbccc",
        "info_type": "warn",
        "icon": "icon_warn3.png",
        "name": "【通行禁止】煙",
        "description": "煙が発生",
        "range": 20,
        "start": "2017/02/20 21:35",
        "stop": "2032/11/07 23:00",
        "message1": "【通行禁止】煙が発生しているエリアに近づいています！通行はできません！",
        "message2": "【通行禁止】煙が発生しているエリアに侵入しました！危険です！ただちにエリアから離れてください！",
        "risk_type": 3
      },
      "geometry": {
        "type": "Point",
        "coordinates": [
          135.50422310829163,
          34.59599937966006
        ]
      }
    },
    {
      "type": "Feature",
      "properties": {
        "id": "273602d7-08bb-4e30-b10c-9aff47453cb9",
        "info_type": "warn",
        "icon": "icon_warn5.png",
        "name": "【通行禁止】道路閉塞",
        "description": "警告内容の解説文",
        "range": 10,
        "start": "2017/02/20 21:35",
        "stop": "2032/11/07 23:00",
        "message1": "【通行禁止】家やブロック塀が崩れているエリアに近づいています！通行はできません！",
        "message2": "【通行禁止】家やブロック塀が崩れているエリアに侵入しました！危険です！ただちにエリアから離れてください！",
        "risk_type": 5,
        "wall_count": 3
      },
      "geometry": {
        "type": "Point",
        "coordinates": [
          135.5051028728485,
          34.59602145895845
        ]
      }
    },
    {
      "type": "Feature",
      "properties": {
        "id": "ac64711c-90b0-486f-890c-175c3ac4ae8d",
        "info_type": "warn",
        "icon": "icon_warn4.png",
        "name": "【通行禁止】道路閉塞",
        "description": "警告内容の解説文",
        "range": 10,
        "start": "2017/02/20 21:35",
        "stop": "2032/11/07 23:00",
        "message1": "【通行禁止】家やブロック塀が崩れているエリアに近づいています！通行はできません！",
        "message2": "【通行禁止】家やブロック塀が崩れているエリアに侵入しました！危険です！ただちにエリアから離れてください！",
        "risk_type": 4,
        "intensity": 1
      },
      "geometry": {
        "type": "Point",
        "coordinates": [
          135.505298,
          34.596737
        ]
      }
    },
    {
      "type": "Feature",
      "properties": {
        "id": "dcf00a46-0fb5-4be3-8fe1-796dbf365565",
        "info_type": "warn",
        "icon": "icon_warn0.png",
        "name": "【通行禁止】火災発生",
        "description": "木造住宅街で火災発生",
        "range": 10,
        "start": "2017/02/20 21:35",
        "stop": "2032/11/07 23:00",
        "message1": "【通行禁止】近くで火事がおきています！注意してください！",
        "message2": "【通行禁止】火事のエリアに入りました！ただちに，安全なエリアに移動してください！",
        "risk_type": 0,
        "intensity": 1
      },
      "geometry": {
        "type": "Point",
        "coordinates": [
          135.50522089004517,
          34.59591989413736
        ]
      }
    },
    {
      "type": "Feature",
      "properties": {
        "id": "f7daf2f6-97e6-47ef-bacb-0a770da1cabd",
        "info_type": "warn",
        "icon": "icon_warn5.png",
        "name": "【通行禁止】道路閉塞",
        "description": "警告内容の解説文",
        "range": 10,
        "start": "2017/02/20 21:35",
        "stop": "2032/11/07 23:00",
        "message1": "【通行禁止】家やブロック塀が崩れているエリアに近づいています！通行はできません！",
        "message2": "【通行禁止】家やブロック塀が崩れているエリアに侵入しました！危険です！ただちにエリアから離れてください！",
        "risk_type": 5,
        "wall_count": 3
      },
      "geometry": {
        "type": "Point",
        "coordinates": [
          135.50532281398773,
          34.59582716093141
        ]
      }
    },
    {
      "type": "Feature",
      "properties": {
        "id": "7fdc1e75-d692-4456-88e4-5f106182d616",
        "info_type": "warn",
        "icon": "icon_warn1.png",
        "name": "【通行禁止】浸水災害",
        "description": "大和川で浸水災害",
        "range": 20,
        "start": "2017/02/20 21:35",
        "stop": "2032/11/07 23:00",
        "message1": "【通行注意】近くで浸水しています！注意してください！",
        "message2": "【通行注意】浸水のエリアに入りました！ただちに，安全なエリアに移動してください！",
        "risk_type": 1,
        "water_level": "1",
        "group": "杉本キャンパス"
      },
      "geometry": {
        "type": "Point",
        "coordinates": [
          135.5047971010208,
          34.59421093700272
        ]
      }
    },
    {
      "type": "Feature",
      "properties": {
        "id": "a8799e5a-4c8f-4e3b-91aa-1fdead9b64c6",
        "info_type": "warn",
        "icon": "icon_warn1.png",
        "name": "【通行禁止】浸水災害",
        "description": "大和川で浸水災害",
        "range": 65,
        "start": "2017/02/20 21:35",
        "stop": "2032/11/07 23:00",
        "message1": "【通行注意】近くで浸水しています！注意してください！",
        "message2": "【通行注意】浸水のエリアに入りました！ただちに，安全なエリアに移動してください！",
        "risk_type": 1,
        "water_level": "1",
        "group": "杉本キャンパス"
      },
      "geometry": {
        "type": "Point",
        "coordinates": [
          135.508418,
          34.588955
        ]
      }
    },
    {
      "type": "Feature",
      "properties": {
        "id": "5bd09d65-b266-4411-847d-aee999811b8f",
        "info_type": "warn",
        "icon": "icon_warn1.png",
        "name": "【通行禁止】浸水災害",
        "description": "大和川で浸水災害",
        "range": 100,
        "start": "2017/02/20 21:35",
        "stop": "2032/11/07 23:00",
        "message1": "【通行注意】近くで浸水しています！注意してください！",
        "message2": "【通行注意】浸水のエリアに入りました！ただちに，安全なエリアに移動してください！",
        "risk_type": 1,
        "water_level": "1",
        "group": "杉本キャンパス"
      },
      "geometry": {
        "type": "Point",
        "coordinates": [
          135.51059,
          34.589786
        ]
      }
    },
    {
      "type": "Feature",
      "properties": {
        "id": "5377e35c-2d35-4045-a604-5ada666807f5",
        "info_type": "warn",
        "icon": "icon_warn1.png",
        "name": "【通行禁止】浸水災害",
        "description": "浸水災害",
        "range": 30,
        "start": "2017/02/20 21:35",
        "stop": "2025/11/07 23:00",
        "message1": "【通行注意】近くで浸水しています！注意してください！",
        "message2": "【通行注意】浸水のエリアに入りました！ただちに，安全なエリアに移動してください！",
        "risk_type": 1,
        "water_level": "1"
      },
      "geometry": {
        "type": "Point",
        "coordinates": [
          135.49416482448578,
          34.59677656743005
        ]
      }
    },
    {
      "type": "Feature",
      "properties": {
        "id": "2594e6ba-44cf-49b0-bebc-90f63ef1a67f",
        "info_type": "warn",
        "icon": "icon_warn1.png",
        "name": "【通行禁止】浸水災害",
        "description": "大和川で浸水災害",
        "range": 100,
        "start": "2017/02/20 21:35",
        "stop": "2032/11/07 23:00",
        "message1": "【通行注意】近くで浸水しています！注意してください！",
        "message2": "【通行注意】浸水のエリアに入りました！ただちに，安全なエリアに移動してください！",
        "risk_type": 1,
        "water_level": "1"
      },
      "geometry": {
        "type": "Point",
        "coordinates": [
          135.49136459827423,
          34.595579871876076
        ]
      }
    },
    {
      "type": "Feature",
      "properties": {
        "id": "d4f5fe36-715c-4956-aa23-3a41b1c4f14c",
        "info_type": "warn",
        "icon": "icon_warn1.png",
        "name": "【通行注意】浸水災害",
        "description": "大和川氾濫による浸水",
        "range": 1000,
        "start": "2019/11/14 12:25",
        "stop": "2032/11/07 23:00",
        "message1": "【通行注意】近くで浸水しています！注意してください！",
        "message2": "【通行注意】浸水のエリアに入りました！ただちに，安全なエリアに移動してください！",
        "risk_type": 1,
        "water_level": "1"
      },
      "geometry": {
        "type": "Point",
        "coordinates": [
          135.473421,
          34.601351
        ]
      }
    },
    {
      "type": "Feature",
      "properties": {
        "id": "b9cf527a-0b0a-4b69-9e5d-60a4c61abb65",
        "info_type": "warn",
        "icon": "icon_warn0.png",
        "name": "【通行禁止】火災発生",
        "description": "産創館ちかくで火災発生",
        "range": 30,
        "start": "2017/01/05 09:55",
        "stop": "2032/11/07 23:00",
        "message1": "【通行禁止】近くで火事がおきています！注意してください！",
        "message2": "【通行禁止】火事のエリアに入りました！ただちに，安全なエリアに移動してください！",
        "risk_type": 0,
        "intensity": 1
      },
      "geometry": {
        "type": "Point",
        "coordinates": [
          135.494997,
          34.702552
        ]
      }
    },
    {
      "type": "Feature",
      "properties": {
        "id": "46c157d4-a25d-4f1d-8528-2d9b07952e73",
        "info_type": "warn",
        "icon": "icon_warn0.png",
        "name": "【通行禁止】火災発生",
        "description": "木造住宅街で火災発生",
        "range": 50,
        "start": "2017/01/05 10:00",
        "stop": "2032/11/07 23:00",
        "message1": "【通行禁止】近くで火事がおきています！注意してください！",
        "message2": "【通行禁止】火事のエリアに入りました！ただちに，安全なエリアに移動してください！",
        "risk_type": 0,
        "intensity": 1
      },
      "geometry": {
        "type": "Point",
        "coordinates": [
          135.496639,
          34.704322
        ]
      }
    },
    {
      "type": "Feature",
      "properties": {
        "id": "27c08c60-29e7-4c1e-981a-1fc20a4890c8",
        "info_type": "warn",
        "icon": "icon_warn0.png",
        "name": "【通行禁止】火災発生",
        "description": "木造住宅街で火災発生",
        "range": 30,
        "start": "2017/01/05 10:05",
        "stop": "2032/11/07 23:00",
        "message1": "【通行禁止】近くで火事がおきています！注意してください！",
        "message2": "【通行禁止】火事のエリアに入りました！ただちに，安全なエリアに移動してください！",
        "risk_type": 0,
        "intensity": 1
      },
      "geometry": {
        "type": "Point",
        "coordinates": [
          135.496086,
          34.705668
        ]
      }
    },
    {
      "type": "Feature",
      "properties": {
        "id": "9068904c-a641-48d2-b1f0-ce9bb9ce0863",
        "info_type": "warn",
        "icon": "icon_warn0.png",
        "name": "【通行禁止】火災発生",
        "description": "木造住宅街で火災発生",
        "range": 20,
        "start": "2017/01/05 09:50",
        "stop": "2032/11/07 23:00",
        "message1": "【通行禁止】近くで火事がおきています！注意してください！",
        "message2": "【通行禁止】火事のエリアに入りました！ただちに，安全なエリアに移動してください！",
        "risk_type": 0,
        "intensity": 1
      },
      "geometry": {
        "type": "Point",
        "coordinates": [
          135.494814,
          34.7063
        ]
      }
    },
    {
      "type": "Feature",
      "properties": {
        "id": "41718c2f-cf11-4ef7-8d0b-094fc781ac00",
        "info_type": "warn",
        "icon": "icon_warn1.png",
        "name": "【通行禁止】浸水災害",
        "description": "淀川氾濫で浸水災害",
        "range": 500,
        "start": "2017/01/10 16:20",
        "stop": "2032/11/07 23:00",
        "message1": "【通行注意】近くで浸水しています！注意してください！",
        "message2": "【通行注意】浸水のエリアに入りました！ただちに，安全なエリアに移動してください！",
        "risk_type": 1,
        "water_level": "1"
      },
      "geometry": {
        "type": "Point",
        "coordinates": [
          135.48987865447998,
          34.715159634468215
        ]
      }
    },
    {
      "type": "Feature",
      "properties": {
        "id": "163d1d87-2ff1-4017-95d2-01d4d99c13c5",
        "info_type": "warn",
        "icon": "icon_warn0.png",
        "name": "火災発生設定",
        "description": "この地区は熊野街道沿いの古くからの街並みが残るところです。地震時の家屋倒壊による避難路の閉塞、火災による延焼などのリス",
        "range": 20,
        "start": "2019/11/01 00:00",
        "stop": "2032/11/07 23:00",
        "message1": "【通行注意】近くで火事がおきています！注意してください！",
        "message2": "【通行注意】火事のエリアに入りました！ただちに，安全なエリアに移動してください！",
        "risk_type": 0,
        "intensity": 1
      },
      "geometry": {
        "type": "Point",
        "coordinates": [
          135.48288881778717,
          34.575348250949034
        ]
      }
    },
    {
      "type": "Feature",
      "properties": {
        "id": "9809e20f-fad3-4585-9e95-d4caf683fc5a",
        "info_type": "warn",
        "icon": "icon_warn0.png",
        "name": "火災発生設定",
        "description": "この地区は熊野街道沿いの古くからの街並みが残るところです。地震時の家屋倒壊による避難路の閉塞、火災による延焼などのリス",
        "range": 20,
        "start": "2019/11/01 00:00",
        "stop": "2032/11/07 23:00",
        "message1": "【通行注意】近くで火事がおきています！注意してください！",
        "message2": "【通行注意】火事のエリアに入りました！ただちに，安全なエリアに移動してください！",
        "risk_type": 0,
        "intensity": 1
      },
      "geometry": {
        "type": "Point",
        "coordinates": [
          135.48366129398346,
          34.57527757959443
        ]
      }
    },
    {
      "type": "Feature",
      "properties": {
        "id": "c1ab7c2c-0035-4205-9b74-a2b840114e61",
        "info_type": "warn",
        "icon": "icon_warn0.png",
        "name": "火災発生設定",
        "description": "この地区は熊野街道沿いの古くからの街並みが残るところです。地震時の家屋倒壊による避難路の閉塞、火災による延焼などのリス",
        "range": 35,
        "start": "2019/11/01 00:00",
        "stop": "2032/11/07 23:00",
        "message1": "【通行注意】近くで火事がおきています！注意してください！",
        "message2": "【通行注意】火事のエリアに入りました！ただちに，安全なエリアに移動してください！",
        "risk_type": 0,
        "intensity": 1
      },
      "geometry": {
        "type": "Point",
        "coordinates": [
          135.48321068286896,
          34.574875635122424
        ]
      }
    },
    {
      "type": "Feature",
      "properties": {
        "id": "0cbc4d78-4eb2-46e4-8dec-17325a85dc7f",
        "info_type": "warn",
        "icon": "icon_warn1.png",
        "name": "1 阪神高速と土居川",
        "description": "現在の阪神高速堺線は，かつての土居川を埋め立てられた所に走っています．この辺りは周辺に比べて低い土地で，集中豪雨の際に内水氾濫による浸水が起こりやすい箇所となっています．",
        "range": 50,
        "start": "2019/11/01 00:00",
        "stop": "2032/11/07 23:00",
        "message1": "【通行注意】近くで浸水しています！注意してください！",
        "message2": "【通行注意】浸水のエリアに入りました！ただちに，安全なエリアに移動してください！",
        "risk_type": 1,
        "water_level": "1"
      },
      "geometry": {
        "type": "Point",
        "coordinates": [
          135.4805037666939,
          34.57478906126642
        ]
      }
    },
    {
      "type": "Feature",
      "properties": {
        "id": "8aac7025-8852-42e3-8e7e-10d95ee7f02e",
        "info_type": "warn",
        "icon": "icon_warn5.png",
        "name": "3 ブロック塀",
        "description": "学校の周りのブロック塀は，フェンスなどに改められましたが，街中にはまだ，多くのブロック塀があります．地震時には，このようなブロック塀は倒れやすく，危険です．ブロック塀が倒れると道をふさいで，細い通路だと，通れなくなります．",
        "range": 10,
        "start": "2017/02/20 21:35",
        "stop": "2030/11/07 23:00",
        "message1": "【通行禁止】ブロック塀が崩れているエリアに近づいています！通行はできません！",
        "message2": "【通行禁止】ブロック塀が崩れているエリアに侵入しました！危険です！ただちにエリアから離れてください！",
        "risk_type": 5,
        "wall_count": 3
      },
      "geometry": {
        "type": "Point",
        "coordinates": [
          135.4798364639282,
          34.57672633035602
        ]
      }
    },
    {
      "type": "Feature",
      "properties": {
        "id": "47becd9f-82e6-4e6d-8998-4c73b818fed4",
        "info_type": "warn",
        "icon": "icon_warn5.png",
        "name": "3 ブロック塀",
        "description": "学校の周りのブロック塀は，フェンスなどに改められましたが，街中にはまだ，多くのブロック塀があります．地震時には，このようなブロック塀は倒れやすく，危険です．ブロック塀が倒れると道をふさいで，細い通路だと，通れなくなります．",
        "range": 10,
        "start": "2017/02/20 21:35",
        "stop": "2030/11/07 23:00",
        "message1": "【通行禁止】ブロック塀が崩れているエリアに近づいています！通行はできません！",
        "message2": "【通行禁止】ブロック塀が崩れているエリアに侵入しました！危険です！ただちにエリアから離れてください！",
        "risk_type": 5,
        "wall_count": 3
      },
      "geometry": {
        "type": "Point",
        "coordinates": [
          135.4798675437953,
          34.57682490188219
        ]
      }
    },
    {
      "type": "Feature",
      "properties": {
        "id": "e535738c-15ae-4f78-9b4a-5d66ce62b6d4",
        "info_type": "warn",
        "icon": "icon_warn4.png",
        "name": "7 細い路地とブロック塀",
        "description": "ここは，幅の狭い生活道路で，道路の脇にはブロック\n塀もあります.地震時に，このような通路はブロック塀 の倒壊や家屋の倒壊で通れなくなる可能性があります.",
        "range": 10,
        "start": "2017/02/20 21:35",
        "stop": "2032/11/07 23:00",
        "message1": "【通行禁止】家やブロック塀が崩れているエリアに近づいています！通行はできません！",
        "message2": "【通行禁止】家やブロック塀が崩れているエリアに侵入しました！危険です！ただちにエリアから離れてください！",
        "risk_type": 4,
        "intensity": 1
      },
      "geometry": {
        "type": "Point",
        "coordinates": [
          135.4869818687439,
          34.574411850624436
        ]
      }
    },
    {
      "type": "Feature",
      "properties": {
        "id": "bad8e699-215d-490b-a16f-f43619d3d5ae",
        "info_type": "warn",
        "icon": "icon_warn5.png",
        "name": "7 細い路地とブロック塀",
        "description": "ここは，幅の狭い生活道路で，道路の脇にはブロック塀もあります．地震時に，このような通路はブロック塀の倒壊や家屋の倒壊で通れなくなる可能性があります．",
        "range": 10,
        "start": "2017/02/20 21:35",
        "stop": "2030/11/07 23:00",
        "message1": "【通行禁止】ブロック塀が崩れているエリアに近づいています！通行はできません！",
        "message2": "【通行禁止】ブロック塀が崩れているエリアに侵入しました！危険です！ただちにエリアから離れてください！",
        "risk_type": 5,
        "wall_count": 3
      },
      "geometry": {
        "type": "Point",
        "coordinates": [
          135.48696041107178,
          34.57425725521684
        ]
      }
    },
    {
      "type": "Feature",
      "properties": {
        "id": "ad7f1648-4b21-4401-8afd-1f789b2dddc7",
        "info_type": "warn",
        "icon": "icon_warn4.png",
        "name": "5 商店街アーケード",
        "description": "堺東駅前から西に延びる商店街となっています．\nいくつかの通りには，アーケードが設けられています．\n地震時にこのようなアーケードは破損することがあり．破損した部材が落ちてくることがあります．商店街の一部には，古い木造の建物が密集しているところもあります．\nこのような個所では，地震後の火災発生を防ぐ必要があります．",
        "range": 15,
        "start": "2017/02/20 21:35",
        "stop": "2032/11/07 23:00",
        "message1": "【通行禁止】家やブロック塀が崩れているエリアに近づいています！通行はできません！",
        "message2": "【通行禁止】家やブロック塀が崩れているエリアに侵入しました！危険です！ただちにエリアから離れてください！",
        "risk_type": 4,
        "intensity": 1
      },
      "geometry": {
        "type": "Point",
        "coordinates": [
          135.48148334026337,
          34.57548517652768
        ]
      }
    },
    {
      "type": "Feature",
      "properties": {
        "id": "28b18f1b-d77e-41dd-889d-d4f528b7d70c",
        "info_type": "warn",
        "icon": "icon_warn4.png",
        "name": "5 商店街アーケード",
        "description": "堺東駅前から西に延びる商店街となっています．\nいくつかの通りには，アーケードが設けられています．\n地震時にこのようなアーケードは破損することがあり．破損した部材が落ちてくることがあります．商店街の一部には，古い木造の建物が密集しているところもあります．\nこのような個所では，地震後の火災発生を防ぐ必要があります．",
        "range": 10,
        "start": "2017/02/20 21:35",
        "stop": "2032/11/07 23:00",
        "message1": "【通行禁止】家やブロック塀が崩れているエリアに近づいています！通行はできません！",
        "message2": "【通行禁止】家やブロック塀が崩れているエリアに侵入しました！危険です！ただちにエリアから離れてください！",
        "risk_type": 4,
        "intensity": 1
      },
      "geometry": {
        "type": "Point",
        "coordinates": [
          135.48276007175446,
          34.574941889839465
        ]
      }
    },
    {
      "type": "Feature",
      "properties": {
        "id": "1dc91929-2a59-4e64-b7f8-8c915bd5d637",
        "info_type": "warn",
        "icon": "icon_warn4.png",
        "name": "5 商店街アーケード",
        "description": "堺東駅前から西に延びる商店街となっています．\nいくつかの通りには，アーケードが設けられています．\n地震時にこのようなアーケードは破損することがあり．破損した部材が落ちてくることがあります．商店街の一部には，古い木造の建物が密集しているところもあります．\nこのような個所では，地震後の火災発生を防ぐ必要があります．",
        "range": 10,
        "start": "2017/02/20 21:35",
        "stop": "2032/11/07 23:00",
        "message1": "【通行禁止】家やブロック塀が崩れているエリアに近づいています！通行はできません！",
        "message2": "【通行禁止】家やブロック塀が崩れているエリアに侵入しました！危険です！ただちにエリアから離れてください！",
        "risk_type": 4,
        "intensity": 1
      },
      "geometry": {
        "type": "Point",
        "coordinates": [
          135.48370957374573,
          34.574813797338834
        ]
      }
    },
    {
      "type": "Feature",
      "properties": {
        "id": "9c18ba68-a56b-40cf-a42d-ef4ac5b71e73",
        "info_type": "warn",
        "icon": "icon_warn2.png",
        "name": "【通行禁止】土砂崩れテスト",
        "description": "土砂崩れが発生",
        "range": 50,
        "start": "2017/02/20 21:35",
        "stop": "2030/11/07 23:00",
        "message1": "【通行禁止】土砂崩れが発生しているエリアに近づいています！通行はできません！",
        "message2": "【通行禁止】土砂崩れが発生しているエリアに侵入しました！危険です！ただちにエリアから離れてください！",
        "risk_type": 2,
        "intensity": 1
      },
      "geometry": {
        "type": "Point",
        "coordinates": [
          135.48277080059052,
          34.573382681497556
        ]
      }
    },
    {
      "type": "Feature",
      "properties": {
        "id": "3eb7edf6-3b82-42ba-834a-4bc3c241af01",
        "info_type": "warn",
        "icon": "icon_warn0.png",
        "name": "火事だ！",
        "description": "しょうかきでくんれんしよう！",
        "range": 8,
        "start": "2023/05/01 10:00",
        "stop": "2024/05/01 10:00",
        "message1": "かじです！にげて！",
        "message2": "いそいでしょうぼうしょにれんらくしよう！",
        "risk_type": 0,
        "intensity": 1,
        "group": "門真市キタショウ"
      },
      "geometry": {
        "type": "Point",
        "coordinates": [
          135.58494687080383,
          34.74349033031227
        ]
      }
    },
    {
      "type": "Feature",
      "properties": {
        "id": "d1172d98-141a-4158-949e-10ab59f5a7e8",
        "info_type": "warn",
        "icon": "icon_warn0.png",
        "name": "火災ハザード",
        "description": "揺れに注意！！！",
        "range": 30,
        "start": "2017/02/20 21:35",
        "stop": "2025/11/07 23:00",
        "message1": "【通行注意】火災エリアに近づいてます！",
        "message2": "【通行注意】火災エリアに入ってます！",
        "risk_type": 0,
        "intensity": 1
      },
      "geometry": {
        "type": "Point",
        "coordinates": [
          139.06151354312894,
          37.918895152990395
        ]
      }
    },
    {
      "type": "Feature",
      "properties": {
        "id": "6769a54d-30c2-48fc-a65e-cf02d1cc0975",
        "info_type": "warn",
        "icon": "icon_warn8.png",
        "name": "液状化ハザード",
        "description": "揺れに注意！！！",
        "range": 30,
        "start": "2017/02/20 21:35",
        "stop": "2025/11/07 23:00",
        "message1": "【通行注意】液状化エリアに近づいてます！",
        "message2": "【通行注意】液状化エリアに入ってます！",
        "risk_type": 8,
        "lique_mode": 2
      },
      "geometry": {
        "type": "Point",
        "coordinates": [
          139.0671890287998,
          37.91642855477739
        ]
      }
    },
    {
      "type": "Feature",
      "properties": {
        "id": "3a5b7b01-212a-4b9c-a205-6cb62837958f",
        "info_type": "warn",
        "icon": "icon_warn2.png",
        "name": "【通行禁止】土砂崩れが発生",
        "description": "土砂崩れが発生しているため通行不能",
        "range": 20,
        "start": "2017/01/05 09:55",
        "stop": "2035/11/07 23:00",
        "message1": "【通行注意】土砂崩れが発生ため通行不能",
        "message2": "【通行注意】土砂崩れが発生ため通行不能",
        "risk_type": 2,
        "intensity": 1
      },
      "geometry": {
        "type": "Point",
        "coordinates": [
          139.06075716018677,
          37.92127766843328
        ]
      }
    },
    {
      "type": "Feature",
      "properties": {
        "id": "f34c5d08-b64e-4806-b803-7524a42cfc65",
        "info_type": "warn",
        "icon": "icon_warn0.png",
        "name": "火災ハザード",
        "description": "揺れに注意！！！",
        "range": 40,
        "start": "2017/02/20 21:35",
        "stop": "2025/11/07 23:00",
        "message1": "【通行注意】火災エリアに近づいてます！",
        "message2": "【通行注意】火災エリアに入ってます！",
        "risk_type": 0,
        "intensity": 1
      },
      "geometry": {
        "type": "Point",
        "coordinates": [
          139.0640026330948,
          37.91779908533047
        ]
      }
    },
    {
      "type": "Feature",
      "properties": {
        "id": "454ec339-f71a-45d0-acc6-cf2cc7d8b8c8",
        "info_type": "warn",
        "icon": "icon_warn4.png",
        "name": "落下物ハザード",
        "description": "落下物に注意！！！",
        "range": 20,
        "start": "2017/02/20 21:35",
        "stop": "2025/11/07 23:00",
        "message1": "【通行注意】落下物のエリアに近づいてます！",
        "message2": "【通行注意】落下物のエリアに入ってます！",
        "risk_type": 4,
        "intensity": 1
      },
      "geometry": {
        "type": "Point",
        "coordinates": [
          139.06140089035034,
          37.917837172897606
        ]
      }
    },
    {
      "type": "Feature",
      "properties": {
        "id": "865fe1df-2be2-4366-972d-8f4459c5b1d5",
        "info_type": "warn",
        "icon": "icon_warn4.png",
        "name": "道路閉塞ハザード",
        "description": "揺れに注意！！！",
        "range": 30,
        "start": "2017/02/20 21:35",
        "stop": "2025/11/07 23:00",
        "message1": "【通行注意】道路閉塞エリアに近づいてます！",
        "message2": "【通行注意】道路閉塞エリアに入ってます！",
        "risk_type": 4,
        "intensity": 1
      },
      "geometry": {
        "type": "Point",
        "coordinates": [
          139.0631765127182,
          37.91982193104694
        ]
      }
    },
    {
      "type": "Feature",
      "properties": {
        "id": "3c92a26f-b646-478e-9dbc-09d73c452717",
        "info_type": "warn",
        "icon": "icon_warn1.png",
        "name": "浸水ハザード",
        "description": "揺れに注意！！！",
        "range": 40,
        "start": "2017/02/20 21:35",
        "stop": "2025/11/07 23:00",
        "message1": "【通行注意】浸水エリアに近づいてます！",
        "message2": "【通行注意】浸水エリアに入ってます！",
        "risk_type": 1,
        "water_level": "1"
      },
      "geometry": {
        "type": "Point",
        "coordinates": [
          139.06181395053864,
          37.91668184125349
        ]
      }
    },
    {
      "type": "Feature",
      "properties": {
        "id": "b059a231-5f3d-4b43-9d45-eb8ec96a5566",
        "info_type": "warn",
        "icon": "icon_warn5.png",
        "name": "【通行注意】ブロック塀倒壊",
        "description": "ブロック塀が倒壊",
        "range": 20,
        "start": "2017/02/20 21:35",
        "stop": "2032/11/07 23:00",
        "message1": "【通行注意】ブロック塀倒壊のエリアに近づいています！通行はできません！",
        "message2": "【通行注意】ブロック塀倒壊のエリアに侵入しました！危険です！ただちにエリアから離れてください！",
        "risk_type": 5,
        "wall_count": 3
      },
      "geometry": {
        "type": "Point",
        "coordinates": [
          139.06677067279816,
          37.91754516771222
        ]
      }
    },
    {
      "type": "Feature",
      "properties": {
        "id": "49a7364e-54a6-4c4c-91e7-6841268a8889",
        "info_type": "warn",
        "icon": "icon_warn0.png",
        "name": "【通行禁止】火災発生",
        "description": "木造住宅街で火災発生",
        "range": 20,
        "start": "2017/01/05 09:50",
        "stop": "2030/11/07 23:00",
        "message1": "【通行禁止】近くで火事がおきています！注意してください！",
        "message2": "【通行禁止】火事のエリアに入りました！ただちに，安全なエリアに移動してください！",
        "risk_type": 0,
        "intensity": 1
      },
      "geometry": {
        "type": "Point",
        "coordinates": [
          135.550125,
          34.99912
        ]
      }
    },
    {
      "type": "Feature",
      "properties": {
        "id": "ef3c4bd9-3fd7-4da4-b40f-dfa1f36f1d50",
        "info_type": "warn",
        "icon": "icon_warn1.png",
        "name": "しんすい",
        "description": "ようすいろにきをつけて",
        "range": 20,
        "start": "2019/11/01 00:00",
        "stop": "2032/11/07 23:00",
        "message1": "【通行注意】近くで浸水しています！注意してください！",
        "message2": "【通行注意】浸水のエリアに入りました！ただちに，安全なエリアに移動してください！",
        "risk_type": 1,
        "water_level": "0.5"
      },
      "geometry": {
        "type": "Point",
        "coordinates": [
          135.549468,
          34.998999
        ]
      }
    },
    {
      "type": "Feature",
      "properties": {
        "id": "98bcf39e-4de4-44b6-b88b-e5d0fea4f16b",
        "info_type": "warn",
        "icon": "icon_warn5.png",
        "name": "ぶろっくべい",
        "description": "ぶろっくべいにきをつけて",
        "range": 20,
        "start": "2017/02/20 21:35",
        "stop": "2032/11/07 23:00",
        "message1": "【通行注意】ブロック塀倒壊のエリアに近づいています！通行はできません！",
        "message2": "【通行注意】ブロック塀倒壊のエリアに侵入しました！危険です！ただちにエリアから離れてください！",
        "risk_type": 5,
        "wall_count": 3
      },
      "geometry": {
        "type": "Point",
        "coordinates": [
          135.550232,
          34.998426
        ]
      }
    },
    {
      "type": "Feature",
      "properties": {
        "id": "049f56f8-31ef-479c-92e7-0ff9fdf78cde",
        "info_type": "warn",
        "icon": "icon_warn3.png",
        "name": "いえがくずれています",
        "description": "",
        "range": 10,
        "start": "2017/02/20 21:35",
        "stop": "2035/11/07 23:00",
        "message1": "【通行禁止】家やブロック塀が崩れているエリアに近づいています！通行はできません！",
        "message2": "【通行禁止】家やブロック塀が崩れているエリアに侵入しました！危険です！ただちにエリアから離れてください！",
        "risk_type": 4,
        "intensity": 1
      },
      "geometry": {
        "type": "Point",
        "coordinates": [
          135.550678,
          34.999333
        ]
      }
    },
    {
      "type": "Feature",
      "properties": {
        "id": "0579aedd-3d45-4cc8-ab5b-3daf719ee99c",
        "info_type": "warn",
        "icon": "icon_warn5.png",
        "name": "ぶろっくべい",
        "description": "ぶろっくべいにきをつけて",
        "range": 20,
        "start": "2017/02/20 21:35",
        "stop": "2032/11/07 23:00",
        "message1": "【通行注意】ブロック塀倒壊のエリアに近づいています！通行はできません！",
        "message2": "【通行注意】ブロック塀倒壊のエリアに侵入しました！危険です！ただちにエリアから離れてください！",
        "risk_type": 5,
        "wall_count": 3
      },
      "geometry": {
        "type": "Point",
        "coordinates": [
          135.551563,
          34.999275
        ]
      }
    },
    {
      "type": "Feature",
      "properties": {
        "id": "c2167cc3-4e3c-4438-ae8f-78b731f38247",
        "info_type": "warn",
        "icon": "icon_warn1.png",
        "name": "しんすい",
        "description": "しんすい",
        "range": 30,
        "start": "2019/11/01 00:00",
        "stop": "2032/11/07 23:00",
        "message1": "【通行注意】近くで浸水しています！注意してください！",
        "message2": "【通行注意】浸水のエリアに入りました！ただちに，安全なエリアに移動してください！",
        "risk_type": 1,
        "water_level": "1"
      },
      "geometry": {
        "type": "Point",
        "coordinates": [
          135.5536284793833,
          34.99943393442104
        ]
      }
    },
    {
      "type": "Feature",
      "properties": {
        "id": "5cac8361-cbf3-4775-be1a-beb06a08779a",
        "info_type": "warn",
        "icon": "icon_warn2.png",
        "name": "どしゃくずれ",
        "description": "どしゃくずれ",
        "range": 50,
        "start": "2017/02/20 21:35",
        "stop": "2030/11/07 23:00",
        "message1": "【通行禁止】土砂崩れが発生しているエリアに近づいています！通行はできません！",
        "message2": "【通行禁止】土砂崩れが発生しているエリアに侵入しました！危険です！ただちにエリアから離れてください！",
        "risk_type": 2,
        "intensity": 1
      },
      "geometry": {
        "type": "Point",
        "coordinates": [
          135.5545379238182,
          34.99936365291615
        ]
      }
    },
    {
      "type": "Feature",
      "properties": {
        "id": "0db2eadc-c212-4817-a28a-ef30df767842",
        "info_type": "warn",
        "icon": "icon_warn1.png",
        "name": "しんすい",
        "description": "ようすいろにきをつけて",
        "range": 20,
        "start": "2017/02/20 21:35",
        "stop": "2030/11/07 23:00",
        "message1": "【通行注意】近くで浸水しています！注意してください！",
        "message2": "【通行注意】浸水のエリアに入りました！ただちに，安全なエリアに移動してください！",
        "risk_type": 1,
        "water_level": "0.5"
      },
      "geometry": {
        "type": "Point",
        "coordinates": [
          135.549745,
          34.9984
        ]
      }
    },
    {
      "type": "Feature",
      "properties": {
        "id": "bae5533e-67d7-40e2-acd6-60ad56106b90",
        "info_type": "warn",
        "icon": "icon_warn0.png",
        "name": "液状化",
        "description": "",
        "range": 30,
        "start": "2017/02/20 21:35",
        "stop": "2025/11/07 23:00",
        "message1": "【通行注意】液状化エリアに近づいてます！",
        "message2": "【通行注意】液状化エリアに入ってます！",
        "risk_type": 8,
        "lique_mode": 2,
        "group": "坂出市"
      },
      "geometry": {
        "type": "Point",
        "coordinates": [
          133.8628256269848,
          34.31521397847428
        ]
      }
    },
    {
      "type": "Feature",
      "properties": {
        "id": "79d4941d-fd8b-496c-8fef-f9b8d47f7671",
        "info_type": "warn",
        "icon": "icon_warn1.png",
        "name": "1",
        "description": "",
        "range": 50,
        "start": "2019/11/01 00:00",
        "stop": "2032/11/07 23:00",
        "message1": "近くで浸水しています！注意してください！",
        "message2": "浸水のエリアに入りました！ただちに，安全なエリアに移動してください！",
        "risk_type": 1,
        "water_level": "1",
        "group": "坂出市"
      },
      "geometry": {
        "type": "Point",
        "coordinates": [
          133.8662730218712,
          34.31628147741847
        ]
      }
    },
    {
      "type": "Feature",
      "properties": {
        "id": "2f754a81-b790-4489-8fa5-f609c1ec0db3",
        "info_type": "warn",
        "icon": "icon_warn1.png",
        "name": "1",
        "description": "",
        "range": 50,
        "start": "2019/11/01 00:00",
        "stop": "2032/11/07 23:00",
        "message1": "近くで浸水しています！注意してください！",
        "message2": "浸水のエリアに入りました！ただちに，安全なエリアに移動してください！",
        "risk_type": 1,
        "water_level": "1",
        "group": "坂出市"
      },
      "geometry": {
        "type": "Point",
        "coordinates": [
          133.8694220781326,
          34.316280410314405
        ]
      }
    },
    {
      "type": "Feature",
      "properties": {
        "id": "b328af79-6d99-48ea-b2af-fc8f3633aa2a",
        "info_type": "warn",
        "icon": "icon_warn2.png",
        "name": "どしゃくずれ",
        "description": "どしゃくずれ",
        "range": 50,
        "start": "2017/02/20 21:35",
        "stop": "2030/11/07 23:00",
        "message1": "【通行禁止】土砂崩れが発生しているエリアに近づいています！通行はできません！",
        "message2": "【通行禁止】土砂崩れが発生しているエリアに侵入しました！危険です！ただちにエリアから離れてください！",
        "risk_type": 2,
        "intensity": 1,
        "group": "坂出市"
      },
      "geometry": {
        "type": "Point",
        "coordinates": [
          133.86093020439148,
          34.31466762823551
        ]
      }
    },
    {
      "type": "Feature",
      "properties": {
        "id": "1c26910e-105b-4ab0-b62e-232a1bca0c95",
        "info_type": "warn",
        "icon": "icon_warn1.png",
        "name": "1",
        "description": "",
        "range": 100,
        "start": "2019/11/01 00:00",
        "stop": "2032/11/07 23:00",
        "message1": "近くで浸水しています！注意してください！",
        "message2": "浸水のエリアに入りました！ただちに，安全なエリアに移動してください！",
        "risk_type": 1,
        "water_level": "1",
        "group": "坂出市"
      },
      "geometry": {
        "type": "Point",
        "coordinates": [
          133.87050569057465,
          34.31902295484145
        ]
      }
    },
    {
      "type": "Feature",
      "properties": {
        "id": "352f5210-8e42-4720-ac79-9bfb3c87f589",
        "info_type": "warn",
        "icon": "icon_warn3.png",
        "name": "【通行禁止】ブロック塀倒壊",
        "description": "",
        "range": 10,
        "start": "2017/02/20 21:35",
        "stop": "2030/11/07 23:00",
        "message1": "家やブロック塀が崩れているエリアに近づいています！通行はできません！",
        "message2": "家やブロック塀が崩れているエリアに侵入しました！危険です！ただちにエリアから離れてください！",
        "risk_type": 5,
        "wall_count": 3,
        "group": "坂出市"
      },
      "geometry": {
        "type": "Point",
        "coordinates": [
          133.86901974678037,
          34.31552719177132
        ]
      }
    },
    {
      "type": "Feature",
      "properties": {
        "id": "ae526eb5-2e98-4b65-a20a-3be81d5a31a3",
        "info_type": "warn",
        "icon": "icon_warn3.png",
        "name": "【通行禁止】道路閉塞",
        "description": "",
        "range": 20,
        "start": "2017/02/20 21:35",
        "stop": "2032/11/07 23:00",
        "message1": "【通行禁止】家やブロック塀が崩れているエリアに近づいています！通行はできません！",
        "message2": "【通行禁止】家やブロック塀が崩れているエリアに侵入しました！危険です！ただちにエリアから離れてください！",
        "risk_type": 5,
        "wall_count": 3,
        "group": "坂出市"
      },
      "geometry": {
        "type": "Point",
        "coordinates": [
          133.868590593338,
          34.31634687044961
        ]
      }
    },
    {
      "type": "Feature",
      "properties": {
        "id": "edffd59f-3818-418e-ac32-eefeec606bd9",
        "info_type": "warn",
        "icon": "icon_warn0.png",
        "name": "火災",
        "description": "木造住宅街で火災発生",
        "range": 20,
        "start": "2022/06/02 00:00",
        "stop": "2033/06/02 00:00",
        "message1": "近くで火事がおきています！注意してください！",
        "message2": "火事のエリアに入りました！ただちに，安全なエリアに移動してください！",
        "risk_type": 0,
        "intensity": 1,
        "group": "坂出市"
      },
      "geometry": {
        "type": "Point",
        "coordinates": [
          133.8624805212021,
          34.316249395566636
        ]
      }
    },
    {
      "type": "Feature",
      "properties": {
        "id": "73c85712-f7ef-421f-b114-0ab24b36e30d",
        "info_type": "warn",
        "icon": "icon_warn0.png",
        "name": "火災",
        "description": "木造住宅街で火災発生",
        "range": 15,
        "start": "2022/06/02 00:00",
        "stop": "2033/06/02 00:00",
        "message1": "近くで火事がおきています！注意してください！",
        "message2": "火事のエリアに入りました！ただちに，安全なエリアに移動してください！",
        "risk_type": 0,
        "intensity": 1,
        "group": "坂出市"
      },
      "geometry": {
        "type": "Point",
        "coordinates": [
          133.8621586561203,
          34.316586126500624
        ]
      }
    },
    {
      "type": "Feature",
      "properties": {
        "id": "b1ff9949-4582-4dd9-83ba-f6a30d18c197",
        "info_type": "warn",
        "icon": "icon_warn3.png",
        "name": "家屋倒壊",
        "description": "",
        "range": 15,
        "start": "2017/02/20 21:35",
        "stop": "2032/11/07 23:00",
        "message1": "家やブロック塀が崩れているエリアに近づいています！通行はできません！",
        "message2": "家やブロック塀が崩れているエリアに侵入しました！危険です！ただちにエリアから離れてください！",
        "risk_type": 4,
        "intensity": 1,
        "group": "坂出市"
      },
      "geometry": {
        "type": "Point",
        "coordinates": [
          133.86708855628967,
          34.31582404929819
        ]
      }
    },
    {
      "type": "Feature",
      "properties": {
        "id": "85519efe-816e-4b3a-b966-76c7c5ef569f",
        "info_type": "warn",
        "icon": "icon_warn0.png",
        "name": "火災",
        "description": "木造住宅街で火災発生",
        "range": 15,
        "start": "2022/06/02 00:00",
        "stop": "2033/06/02 00:00",
        "message1": "近くで火事がおきています！注意してください！",
        "message2": "火事のエリアに入りました！ただちに，安全なエリアに移動してください！",
        "risk_type": 0,
        "intensity": 1,
        "group": "坂出市"
      },
      "geometry": {
        "type": "Point",
        "coordinates": [
          133.86708855628967,
          34.31550060746395
        ]
      }
    },
    {
      "type": "Feature",
      "properties": {
        "id": "c1d677e9-38f6-4726-96ae-118e573fa4a8",
        "info_type": "warn",
        "icon": "icon_warn1.png",
        "name": "1",
        "description": "",
        "range": 30,
        "start": "2019/11/01 00:00",
        "stop": "2032/11/07 23:00",
        "message1": "近くで浸水しています！注意してください！",
        "message2": "浸水のエリアに入りました！ただちに，安全なエリアに移動してください！",
        "risk_type": 1,
        "water_level": "1"
      },
      "geometry": {
        "type": "Point",
        "coordinates": [
          136.9424484633238,
          35.12546420473322
        ]
      }
    },
    {
      "type": "Feature",
      "properties": {
        "id": "89c44fdd-f678-4334-bc49-a01ab03a42be",
        "info_type": "warn",
        "icon": "icon_warn2.png",
        "name": "【通行禁止】土砂崩れが発生",
        "description": "土砂崩れが発生しているため通行不能",
        "range": 20,
        "start": "2017/01/05 09:55",
        "stop": "2035/11/07 23:00",
        "message1": "【通行注意】土砂崩れが発生ため通行不能",
        "message2": "【通行注意】土砂崩れが発生ため通行不能",
        "risk_type": 2,
        "intensity": 1
      },
      "geometry": {
        "type": "Point",
        "coordinates": [
          136.9423510664122,
          35.12704568418423
        ]
      }
    },
    {
      "type": "Feature",
      "properties": {
        "id": "86bbcd1e-e5bd-45a8-8bf1-482879d8751a",
        "info_type": "warn",
        "icon": "icon_warn0.png",
        "name": "火災",
        "description": "木造住宅街で火災発生",
        "range": 15,
        "start": "2022/06/02 00:00",
        "stop": "2033/06/02 00:00",
        "message1": "近くで火事がおきています！注意してください！",
        "message2": "火事のエリアに入りました！ただちに，安全なエリアに移動してください！",
        "risk_type": 0,
        "intensity": 1
      },
      "geometry": {
        "type": "Point",
        "coordinates": [
          136.9404726459275,
          35.12584690959101
        ]
      }
    },
    {
      "type": "Feature",
      "properties": {
        "id": "0f5966ee-d10e-426f-8ba3-be255f69aae5",
        "info_type": "warn",
        "icon": "icon_warn4.png",
        "name": "家屋倒壊",
        "description": "",
        "range": 20,
        "start": "2017/02/20 21:35",
        "stop": "2032/11/07 23:00",
        "message1": "家やブロック塀が崩れているエリアに近づいています！通行はできません！",
        "message2": "家やブロック塀が崩れているエリアに侵入しました！危険です！ただちにエリアから離れてください！",
        "risk_type": 4,
        "intensity": 1
      },
      "geometry": {
        "type": "Point",
        "coordinates": [
          136.94018125534058,
          35.127872084145
        ]
      }
    },
    {
      "type": "Feature",
      "properties": {
        "id": "c2227982-e739-4f81-b175-579eac055e8b",
        "info_type": "warn",
        "icon": "icon_warn2.png",
        "name": "【デモ用】土砂崩れ",
        "description": "【デモ用】土砂崩れが発生",
        "range": 70,
        "start": "2017/02/20 21:35",
        "stop": "2035/11/07 23:00",
        "message1": "【デモ用】土砂崩れが発生しているエリアに近づいています！通行はできません！",
        "message2": "【デモ用】土砂崩れが発生しているエリアに侵入しました！危険です！ただちにエリアから離れてください！",
        "risk_type": 2,
        "intensity": 1
      },
      "geometry": {
        "type": "Point",
        "coordinates": [
          136.94057285785675,
          35.12920145430035
        ]
      }
    },
    {
      "type": "Feature",
      "properties": {
        "id": "78e31952-a083-489c-ae83-dd2bfc90fc36",
        "info_type": "warn",
        "icon": "icon_warn8.png",
        "name": "液状化現象",
        "description": "",
        "range": 15,
        "start": "2017/02/20 21:35",
        "stop": "2035/11/07 23:00",
        "message1": "【通行注意】液状化エリアに近づいてます！",
        "message2": "【通行注意】液状化エリアに入ってます！",
        "risk_type": 8,
        "lique_mode": 2
      },
      "geometry": {
        "type": "Point",
        "coordinates": [
          136.94215536117554,
          35.1267269657233
        ]
      }
    },
    {
      "type": "Feature",
      "properties": {
        "id": "24385b23-b2ff-49d2-bd19-49ef55416208",
        "info_type": "warn",
        "icon": "icon_warn3.png",
        "name": "道路閉塞(ブロック塀倒壊)",
        "description": "ブロック塀が崩壊",
        "range": 40,
        "start": "2017/02/20 21:35",
        "stop": "2025/11/07 23:00",
        "message1": "【通行禁止】ブロック塀が崩れているエリアに近づいています！通行はできません！",
        "message2": "【通行禁止】ブロック塀が崩れているエリアに侵入しました！危険です！ただちにエリアから離れてください！",
        "risk_type": 5,
        "wall_count": 3,
        "group": "杉本キャンパス"
      },
      "geometry": {
        "type": "Point",
        "coordinates": [
          135.50535020526908,
          34.59229447385909
        ]
      }
    },
    {
      "type": "Feature",
      "properties": {
        "id": "5c43b40f-ef86-44ac-a85c-bfb1abd0e500",
        "info_type": "warn",
        "icon": "icon_warn1.png",
        "name": "浸水",
        "description": "",
        "range": 20,
        "start": "2019/11/01 00:00",
        "stop": "2032/11/07 23:00",
        "message1": "【通行注意】近くで浸水しています！注意してください！",
        "message2": "【通行注意】浸水のエリアに入りました！ただちに，安全なエリアに移動してください！",
        "risk_type": 1,
        "water_level": "1",
        "group": "富田林市防災リーダー養成講座"
      },
      "geometry": {
        "type": "Point",
        "coordinates": [
          135.600850860589,
          34.49868973213995
        ]
      }
    },
    {
      "type": "Feature",
      "properties": {
        "id": "152ca436-b49f-40e9-8316-a62712217945",
        "info_type": "warn",
        "icon": "icon_warn3.png",
        "name": "【通行注意】ブロック塀倒壊",
        "description": "ブロック塀が倒壊",
        "range": 20,
        "start": "2017/02/20 21:35",
        "stop": "2032/11/07 23:00",
        "message1": "【通行注意】ブロック塀倒壊のエリアに近づいています！通行はできません！",
        "message2": "【通行注意】ブロック塀倒壊のエリアに侵入しました！危険です！ただちにエリアから離れてください！",
        "risk_type": 5,
        "wall_count": 3,
        "group": "富田林市防災リーダー養成講座"
      },
      "geometry": {
        "type": "Point",
        "coordinates": [
          135.5998820392573,
          34.49809829480476
        ]
      }
    },
    {
      "type": "Feature",
      "properties": {
        "id": "a7a8fa70-96e1-4f05-bc83-4bb108c50d7a",
        "info_type": "warn",
        "icon": "icon_warn1.png",
        "name": "【通行禁止】浸水災害",
        "description": "浸水災害",
        "range": 30,
        "start": "2017/02/20 21:35",
        "stop": "2030/11/07 23:00",
        "message1": "【通行注意】近くで浸水しています！注意してください！",
        "message2": "【通行注意】浸水のエリアに入りました！ただちに，安全なエリアに移動してください！",
        "risk_type": 1,
        "water_level": "1",
        "group": "富田林市防災リーダー養成講座"
      },
      "geometry": {
        "type": "Point",
        "coordinates": [
          135.59786975383759,
          34.496092381802804
        ]
      }
    },
    {
      "type": "Feature",
      "properties": {
        "id": "6c6e27c8-2d58-4547-862d-54365f574c4b",
        "info_type": "warn",
        "icon": "icon_warn0.png",
        "name": "えきじょうか！",
        "description": "昔の地図を表示してみよう！",
        "range": 10,
        "start": "2017/01/05 09:50",
        "stop": "2032/11/07 23:00",
        "message1": "じめんから水がふきでているよ！",
        "message2": "昔の地図を表示してみよう！",
        "risk_type": 8,
        "lique_mode": 2,
        "group": "富田林市伏山台小学校"
      },
      "geometry": {
        "type": "Point",
        "coordinates": [
          135.5632515880957,
          34.488375920910904
        ]
      }
    },
    {
      "type": "Feature",
      "properties": {
        "id": "dad39306-ae7c-4628-8ad7-467e2d61027b",
        "info_type": "warn",
        "icon": "icon_warn3.png",
        "name": "地震だ！",
        "description": "地震に注意！",
        "range": 10,
        "start": "2023/09/12 10:00",
        "stop": "2035/09/12 10:00",
        "message1": "大きな揺れに注意！",
        "message2": "建物が倒れたりするよ！",
        "risk_type": 4,
        "intensity": 1,
        "group": "富田林市伏山台小学校"
      },
      "geometry": {
        "type": "Point",
        "coordinates": [
          135.5637788772583,
          34.48838593580752
        ]
      }
    },
    {
      "type": "Feature",
      "properties": {
        "id": "975dcbec-35c0-4d98-8e97-3a3d28342ed5",
        "info_type": "warn",
        "icon": "icon_warn2.png",
        "name": "どしゃくずれ！",
        "description": "どしゃくずれ",
        "range": 10,
        "start": "2017/02/20 21:35",
        "stop": "2030/11/07 23:00",
        "message1": "地震でどしゃくずれが発生してるよ！",
        "message2": "落石に気をつけて！",
        "risk_type": 2,
        "intensity": 1,
        "group": "富田林市伏山台小学校"
      },
      "geometry": {
        "type": "Point",
        "coordinates": [
          135.56413930292695,
          34.488522791229926
        ]
      }
    },
    {
      "type": "Feature",
      "properties": {
        "id": "88dd169b-2be7-4197-bcf9-23961c3f32fb",
        "info_type": "warn",
        "icon": "icon_warn1.png",
        "name": "しんすい！",
        "description": "水位を確認しよう！",
        "range": 10,
        "start": "2023/09/12 10:00",
        "stop": "2035/09/12 10:00",
        "message1": "大雨がふってきた！",
        "message2": "しんすい している！",
        "risk_type": 1,
        "water_level": "1",
        "group": "富田林市伏山台小学校"
      },
      "geometry": {
        "type": "Point",
        "coordinates": [
          135.56351944959886,
          34.48835554850219
        ]
      }
    },
    {
      "type": "Feature",
      "properties": {
        "id": "538df549-1016-44c9-9290-f0f7049cc406",
        "info_type": "warn",
        "icon": "icon_warn0.png",
        "name": "かじだ！",
        "description": "火事が発生！",
        "range": 18,
        "start": "2023/09/12 10:00",
        "stop": "2034/09/12 10:00",
        "message1": "火がついてるよ！",
        "message2": "火を消さなきゃ！",
        "risk_type": 0,
        "intensity": 1,
        "group": "富田林市伏山台小学校"
      },
      "geometry": {
        "type": "Point",
        "coordinates": [
          135.56359112262723,
          34.488611435735706
        ]
      }
    },
    {
      "type": "Feature",
      "properties": {
        "id": "03bb51f5-0c27-4ea9-b5ec-601714f82fc1",
        "info_type": "warn",
        "icon": "icon_warn1.png",
        "name": "【通行禁止】浸水災害",
        "description": "浸水災害",
        "range": 20,
        "start": "2017/02/20 21:35",
        "stop": "2030/11/07 23:00",
        "message1": "【通行注意】近くで浸水しています！注意してください！",
        "message2": "【通行注意】浸水のエリアに入りました！ただちに，安全なエリアに移動してください！",
        "risk_type": 1,
        "water_level": "1",
        "group": "富田林市防災リーダー養成講座"
      },
      "geometry": {
        "type": "Point",
        "coordinates": [
          135.59648036956787,
          34.49655660279337
        ]
      }
    },
    {
      "type": "Feature",
      "properties": {
        "id": "6aee6d91-9d3b-48d5-b4b8-b66508bc0ad5",
        "info_type": "warn",
        "icon": "icon_warn3.png",
        "name": "【通行禁止】ブロック塀倒壊",
        "description": "ブロック塀が崩壊",
        "range": 10,
        "start": "2017/02/20 21:35",
        "stop": "2030/11/07 23:00",
        "message1": "【通行禁止】ブロック塀が崩れているエリアに近づいています！通行はできません！",
        "message2": "【通行禁止】ブロック塀が崩れているエリアに侵入しました！危険です！ただちにエリアから離れてください！",
        "risk_type": 5,
        "wall_count": 3,
        "group": "富田林市防災リーダー養成講座"
      },
      "geometry": {
        "type": "Point",
        "coordinates": [
          135.59726357460022,
          34.496348808955204
        ]
      }
    },
    {
      "type": "Feature",
      "properties": {
        "id": "7bc902f1-b9c5-4589-a1f0-daf908deee39",
        "info_type": "warn",
        "icon": "icon_warn2.png",
        "name": "【通行注意】土砂崩れが発生",
        "description": "土砂崩れが発生しているため通行不能",
        "range": 15,
        "start": "2017/01/05 09:55",
        "stop": "2035/11/07 23:00",
        "message1": "【通行注意】土砂崩れが発生ため通行不能",
        "message2": "【通行注意】土砂崩れが発生ため通行不能",
        "risk_type": 2,
        "intensity": 1,
        "group": "富田林市防災リーダー養成講座"
      },
      "geometry": {
        "type": "Point",
        "coordinates": [
          135.6007379006332,
          34.49843436858183
        ]
      }
    },
    {
      "type": "Feature",
      "properties": {
        "id": "8811d853-dd43-4dd2-8dad-ebf09bdfefe5",
        "info_type": "warn",
        "icon": "icon_warn3.png",
        "name": "【通行禁止】ブロック塀倒壊",
        "description": "ブロック塀が崩壊",
        "range": 15,
        "start": "2017/02/20 21:35",
        "stop": "2035/11/07 23:00",
        "message1": "【通行禁止】ブロック塀が崩れているエリアに近づいています！通行はできません！",
        "message2": "【通行禁止】ブロック塀が崩れているエリアに侵入しました！危険です！ただちにエリアから離れてください！",
        "risk_type": 5,
        "wall_count": 3,
        "group": "富田林市防災リーダー養成講座"
      },
      "geometry": {
        "type": "Point",
        "coordinates": [
          135.5989916249777,
          34.50039177876049
        ]
      }
    },
    {
      "type": "Feature",
      "properties": {
        "id": "aeeeb8a2-6fbc-4613-aeb2-ee5d14481d3b",
        "info_type": "warn",
        "icon": "icon_warn2.png",
        "name": "【通行禁止】土砂崩れ",
        "description": "土砂崩れが発生",
        "range": 25,
        "start": "2017/02/20 21:35",
        "stop": "2030/11/07 23:00",
        "message1": "【通行禁止】土砂崩れが発生しているエリアに近づいています！通行はできません！",
        "message2": "【通行禁止】土砂崩れが発生しているエリアに侵入しました！危険です！ただちにエリアから離れてください！",
        "risk_type": 2,
        "intensity": 1,
        "group": "富田林市防災リーダー養成講座"
      },
      "geometry": {
        "type": "Point",
        "coordinates": [
          135.5992215871811,
          34.49716671787873
        ]
      }
    },
    {
      "type": "Feature",
      "properties": {
        "id": "97e823d0-97e8-46a0-9733-c344eff7cf18",
        "info_type": "warn",
        "icon": "icon_warn0.png",
        "name": "【通行注意】火災発生",
        "description": "木造住宅街で火災発生",
        "range": 30,
        "start": "2017/01/05 09:50",
        "stop": "2030/11/07 23:00",
        "message1": "【通行禁止】近くで火事がおきています！注意してください！",
        "message2": "【通行禁止】火事のエリアに入りました！ただちに，安全なエリアに移動してください！",
        "risk_type": 0,
        "intensity": 1,
        "group": "富田林市防災リーダー養成講座"
      },
      "geometry": {
        "type": "Point",
        "coordinates": [
          135.6015775957903,
          34.49905763648773
        ]
      }
    },
    {
      "type": "Feature",
      "properties": {
        "id": "7beb6a76-f38e-44fb-bc51-ac07c7e13321",
        "info_type": "warn",
        "icon": "icon_warn3.png",
        "name": "【通行注意】家屋倒壊",
        "description": "家屋倒壊",
        "range": 10,
        "start": "2017/02/20 21:35",
        "stop": "2032/11/07 23:00",
        "message1": "【通行禁止】家やブロック塀が崩れているエリアに近づいています！通行はできません！",
        "message2": "【通行禁止】家やブロック塀が崩れているエリアに侵入しました！危険です！ただちにエリアから離れてください！",
        "risk_type": 4,
        "intensity": 1,
        "group": "富田林市防災リーダー養成講座"
      },
      "geometry": {
        "type": "Point",
        "coordinates": [
          135.6010029602656,
          34.50022767106669
        ]
      }
    },
    {
      "type": "Feature",
      "properties": {
        "id": "b03c5c04-d1e8-4ce3-93f6-e98a1acae3a7",
        "info_type": "warn",
        "icon": "icon_warn0.png",
        "name": "富田林きらめき創造館",
        "description": "木造住宅街で火災発生",
        "range": 30,
        "start": "2017/01/05 09:50",
        "stop": "2032/11/07 23:00",
        "message1": "【通行禁止】近くで火事がおきています！注意してください！",
        "message2": "【通行禁止】火事のエリアに入りました！ただちに，安全なエリアに移動してください！",
        "risk_type": 0,
        "intensity": 1,
        "group": "富田林市防災リーダー養成講座"
      },
      "geometry": {
        "type": "Point",
        "coordinates": [
          135.5984815659122,
          34.50023182428033
        ]
      }
    },
    {
      "type": "Feature",
      "properties": {
        "id": "d84df498-a0a6-45c0-90e8-f1a6babc5ffc",
        "info_type": "warn",
        "icon": "icon_warn2.png",
        "name": "じしん",
        "description": "じしん",
        "range": 15,
        "start": "2024/11/08 09:14",
        "stop": "2030/11/08 09:14",
        "message1": "じしんでゆれているよ！",
        "message2": "ARで「もずやん」をさがしてみよう！",
        "risk_type": 2,
        "intensity": 1,
        "group": "堺市南区ふれあいまつり"
      },
      "geometry": {
        "type": "Point",
        "coordinates": [
          135.48984971122638,
          34.487506960231585
        ]
      }
    },
    {
      "type": "Feature",
      "properties": {
        "id": "48d9d1fa-18f9-4323-87af-88192f9cacdd",
        "info_type": "warn",
        "icon": "icon_warn1.png",
        "name": "すいがい",
        "description": "すいがい",
        "range": 15,
        "start": "2024/11/08 09:15",
        "stop": "2030/02/08 09:15",
        "message1": "おおあめでしんすいしているよ！",
        "message2": "ARで「防災服もずやん」をさがしてみよう！",
        "risk_type": 1,
        "water_level": "1"
      },
      "geometry": {
        "type": "Point",
        "coordinates": [
          135.48990427760396,
          34.487892894078726
        ]
      }
    },
    {
      "type": "Feature",
      "properties": {
        "id": "7d43a477-6519-4c6a-98df-8ab89b2e9e18",
        "info_type": "warn",
        "icon": "icon_warn0.png",
        "name": "かさい",
        "description": "かさい",
        "range": 15,
        "start": "2024/11/08 09:16",
        "stop": "2025/02/08 09:16",
        "message1": "かじがおきているよ！",
        "message2": "ARで「自転車もずやん」をさがしてみよう！",
        "risk_type": 0,
        "intensity": 1,
        "group": "堺市南区ふれあいまつり"
      },
      "geometry": {
        "type": "Point",
        "coordinates": [
          135.48945611318115,
          34.487327842266545
        ]
      }
    },
    {
      "type": "Feature",
      "properties": {
        "id": "cd70dcbc-ce37-4af4-a8ed-1c7c1340fe30",
        "info_type": "warn",
        "icon": "icon_warn3.png",
        "name": "かおくとうかい",
        "description": "かおくとうかい",
        "range": 15,
        "start": "2024/11/08 09:17",
        "stop": "2030/02/08 09:17",
        "message1": "じしんでゆれているよ！",
        "message2": "ARで「もずやん」をさがしてみよう！",
        "risk_type": 4,
        "intensity": 1,
        "group": "堺市南区ふれあいまつり"
      },
      "geometry": {
        "type": "Point",
        "coordinates": [
          135.48959659313533,
          34.48771609006753
        ]
      }
    },
    {
      "type": "Feature",
      "properties": {
        "id": "20d3ceaa-1fa9-48db-93c7-d811cf4785b4",
        "info_type": "warn",
        "icon": "icon_warn0.png",
        "name": "えきじょうか",
        "description": "えきじょうか",
        "range": 25,
        "start": "2024/11/08 09:27",
        "stop": "2025/02/08 09:27",
        "message1": "じしんでゆれているよ！",
        "message2": "ARで「もずやん」をさがしてみよう！",
        "risk_type": 8,
        "lique_mode": 2,
        "group": "堺市南区ふれあいまつり"
      },
      "geometry": {
        "type": "Point",
        "coordinates": [
          135.49026284664825,
          34.48768506514922
        ]
      }
    },
    {
      "type": "Feature",
      "properties": {
        "id": "9f407e34-7f7e-44b4-a75f-a4507b183eec",
        "info_type": "warn",
        "icon": "icon_warn0.png",
        "name": "火災",
        "description": "火災発生",
        "range": 50,
        "start": "2024/11/26 12:23",
        "stop": "2025/02/26 12:23",
        "message1": "【通行禁止】近くで火事がおきています！注意してください！",
        "message2": "【通行禁止】火事のエリアに入りました！ただちに，安全なエリアに移動してください！",
        "risk_type": 0,
        "intensity": 1,
        "group": "下関市車いす防災まち歩き"
      },
      "geometry": {
        "type": "Point",
        "coordinates": [
          131.03463419848632,
          34.11733066325441
        ]
      }
    },
    {
      "type": "Feature",
      "properties": {
        "id": "af3adb1d-f166-481a-9a06-004f69c55552",
        "info_type": "warn",
        "icon": "icon_warn3.png",
        "name": "道路閉塞(家屋倒壊)",
        "description": "家屋倒壊が発生",
        "range": 30,
        "start": "2024/11/26 12:50",
        "stop": "2025/02/26 12:50",
        "message1": "【通行注意】家屋倒壊のエリアに近づいています！注意してください！",
        "message2": "【通行注意】家屋倒壊のエリアに入りました！危険です！ただちにエリアから離れてください！",
        "risk_type": 4,
        "intensity": 1,
        "group": "下関市車いす防災まち歩き"
      },
      "geometry": {
        "type": "Point",
        "coordinates": [
          131.03582564450704,
          34.11823631442359
        ]
      }
    },
    {
      "type": "Feature",
      "properties": {
        "id": "ad7c2149-41ae-4fa8-997a-f2004432e3b7",
        "info_type": "warn",
        "icon": "icon_warn1.png",
        "name": "浸水",
        "description": "浸水発生\n（洪水ハザードマップでは大人の膝（0.0～0.5ｍ）まで浸水すると考えられています）",
        "range": 50,
        "start": "2024/11/26 14:21",
        "stop": "2025/02/26 14:21",
        "message1": "【通行注意】近くで浸水しています！注意してください！",
        "message2": "【通行注意】浸水のエリアに入りました！ただちに，安全なエリアに移動してください！",
        "risk_type": 1,
        "water_level": "1",
        "group": "下関市車いす防災まち歩き"
      },
      "geometry": {
        "type": "Point",
        "coordinates": [
          131.03316951394072,
          34.12647811445113
        ]
      }
    },
    {
      "type": "Feature",
      "properties": {
        "id": "276d6e4b-8e52-461b-92d2-4d105228eb7f",
        "info_type": "warn",
        "icon": "icon_warn3.png",
        "name": "道路閉塞(家屋倒壊)",
        "description": "家屋倒壊が発生\n（壁が崩壊しているので、通常時でも注意が必要です）",
        "range": 30,
        "start": "2024/11/26 14:45",
        "stop": "2025/02/26 14:45",
        "message1": "【通行注意】家屋倒壊のエリアに近づいています！注意してください！",
        "message2": "【通行注意】家屋倒壊のエリアに入りました！危険です！ただちにエリアから離れてください！",
        "risk_type": 4,
        "intensity": 1,
        "group": "下関市車いす防災まち歩き"
      },
      "geometry": {
        "type": "Point",
        "coordinates": [
          131.0341141776516,
          34.12529589695083
        ]
      }
    },
    {
      "type": "Feature",
      "properties": {
        "id": "b9b3e0e4-613d-4f51-b070-fecbe2b71bc2",
        "info_type": "warn",
        "icon": "icon_warn3.png",
        "name": "道路閉塞(ブロック塀倒壊)",
        "description": "ブロック塀が崩壊",
        "range": 30,
        "start": "2024/11/26 15:23",
        "stop": "2025/02/26 15:23",
        "message1": "【通行禁止】ブロック塀が崩れているエリアに近づいています！通行はできません！",
        "message2": "【通行禁止】ブロック塀が崩れているエリアに侵入しました！危険です！ただちにエリアから離れてください！",
        "risk_type": 5,
        "wall_count": 3,
        "group": "下関市車いす防災まち歩き"
      },
      "geometry": {
        "type": "Point",
        "coordinates": [
          131.03466166954777,
          34.12329356966981
        ]
      }
    },
    {
      "type": "Feature",
      "properties": {
        "id": "825a48b9-2d6b-44af-a0e5-781fa792c3e3",
        "info_type": "warn",
        "icon": "icon_warn0.png",
        "name": "火災",
        "description": "火災発生",
        "range": 30,
        "start": "2024/11/26 15:43",
        "stop": "2025/02/26 15:43",
        "message1": "【通行禁止】近くで火事がおきています！注意してください！",
        "message2": "【通行禁止】火事のエリアに入りました！ただちに，安全なエリアに移動してください！",
        "risk_type": 0,
        "intensity": 1,
        "group": "下関市車いす防災まち歩き"
      },
      "geometry": {
        "type": "Point",
        "coordinates": [
          131.03458419209457,
          34.12495420631968
        ]
      }
    },
    {
      "type": "Feature",
      "properties": {
        "id": "0be7ad29-bc75-4be3-ac08-bdd466d2561a",
        "info_type": "warn",
        "icon": "icon_warn0.png",
        "name": "火災",
        "description": "火災発生",
        "range": 30,
        "start": "2024/11/26 16:17",
        "stop": "2025/02/26 16:17",
        "message1": "【通行禁止】近くで火事がおきています！注意してください！",
        "message2": "【通行禁止】火事のエリアに入りました！ただちに，安全なエリアに移動してください！",
        "risk_type": 0,
        "intensity": 1,
        "group": "下関市車いす防災まち歩き"
      },
      "geometry": {
        "type": "Point",
        "coordinates": [
          131.00193337398267,
          34.130252627338386
        ]
      }
    },
    {
      "type": "Feature",
      "properties": {
        "id": "0d8a742e-d6e4-4f4c-ae2b-886a3d1b8636",
        "info_type": "warn",
        "icon": "icon_warn1.png",
        "name": "浸水",
        "description": "浸水発生\n（洪水ハザードマップでは1階天井（0.5～3ｍ）まで浸水すると考えられています）",
        "range": 30,
        "start": "2024/11/27 15:12",
        "stop": "2025/02/27 15:12",
        "message1": "【通行注意】近くで浸水しています！注意してください！",
        "message2": "【通行注意】浸水のエリアに入りました！ただちに，安全なエリアに移動してください！",
        "risk_type": 1,
        "water_level": "1",
        "group": "下関市車いす防災まち歩き"
      },
      "geometry": {
        "type": "Point",
        "coordinates": [
          131.03660876575898,
          34.11818504497882
        ]
      }
    },
    {
      "type": "Feature",
      "properties": {
        "id": "515e89a6-85d8-4d3e-9059-e338eb3d31f0",
        "info_type": "warn",
        "icon": "icon_warn3.png",
        "name": "道路閉塞(家屋倒壊)",
        "description": "家屋倒壊が発生",
        "range": 30,
        "start": "2024/11/27 15:38",
        "stop": "2025/02/27 15:38",
        "message1": "【通行注意】家屋倒壊のエリアに近づいています！注意してください！",
        "message2": "【通行注意】家屋倒壊のエリアに入りました！危険です！ただちにエリアから離れてください！",
        "risk_type": 4,
        "intensity": 1,
        "group": "下関市車いす防災まち歩き"
      },
      "geometry": {
        "type": "Point",
        "coordinates": [
          131.03419794999655,
          34.1183578509176
        ]
      }
    },
    {
      "type": "Feature",
      "properties": {
        "id": "0ab638ca-29a9-4dce-9a8b-c88314624a21",
        "info_type": "warn",
        "icon": "icon_warn1.png",
        "name": "浸水",
        "description": "浸水発生\n（洪水ハザードマップでは1階天井（0.5～3ｍ）まで浸水すると考えられています）",
        "range": 30,
        "start": "2024/11/27 15:12",
        "stop": "2025/02/27 15:12",
        "message1": "【通行注意】近くで浸水しています！注意してください！",
        "message2": "【通行注意】浸水のエリアに入りました！ただちに，安全なエリアに移動してください！",
        "risk_type": 1,
        "water_level": "1",
        "group": "下関市車いす防災まち歩き"
      },
      "geometry": {
        "type": "Point",
        "coordinates": [
          131.0397552065059,
          34.117197594189065
        ]
      }
    },
    {
      "type": "Feature",
      "properties": {
        "id": "a3e9c1fd-3395-44da-ad72-dbfd7c1daed9",
        "info_type": "warn",
        "icon": "icon_warn3.png",
        "name": "道路閉塞(家屋倒壊)",
        "description": "家屋倒壊が発生",
        "range": 40,
        "start": "2024/11/26 12:50",
        "stop": "2025/02/26 12:50",
        "message1": "【通行注意】家屋倒壊のエリアに近づいています！注意してください！",
        "message2": "【通行注意】家屋倒壊のエリアに入りました！危険です！ただちにエリアから離れてください！",
        "risk_type": 4,
        "intensity": 1,
        "group": "下関市車いす防災まち歩き"
      },
      "geometry": {
        "type": "Point",
        "coordinates": [
          131.03459131208163,
          34.116523988518246
        ]
      }
    },
    {
      "type": "Feature",
      "properties": {
        "id": "b809d90c-ad61-464d-86ee-c0875e0cda75",
        "info_type": "warn",
        "icon": "icon_warn2.png",
        "name": "土砂崩れ",
        "description": "土砂崩れが発生",
        "range": 40,
        "start": "2024/12/01 23:23",
        "stop": "2025/03/01 23:23",
        "message1": "【通行禁止】土砂崩れが発生しているエリアに近づいています！通行はできません！",
        "message2": "【通行禁止】土砂崩れが発生しているエリアに侵入しました！危険です！ただちにエリアから離れてください！",
        "risk_type": 2,
        "intensity": 1,
        "group": "下関市車いす防災まち歩き"
      },
      "geometry": {
        "type": "Point",
        "coordinates": [
          131.00254296305414,
          34.131933196569314
        ]
      }
    },
    {
      "type": "Feature",
      "properties": {
        "id": "e6fd138b-df7a-47a7-88ed-e066a117ea47",
        "info_type": "warn",
        "icon": "icon_warn1.png",
        "name": "浸水",
        "description": "浸水発生",
        "range": 40,
        "start": "2024/12/01 23:23",
        "stop": "2025/03/01 23:23",
        "message1": "【通行注意】近くで浸水しています！注意してください！",
        "message2": "【通行注意】浸水のエリアに入りました！ただちに，安全なエリアに移動してください！",
        "risk_type": 1,
        "water_level": "1",
        "group": "下関市車いす防災まち歩き"
      },
      "geometry": {
        "type": "Point",
        "coordinates": [
          131.00119218034192,
          34.132274740113324
        ]
      }
    },
    {
      "type": "Feature",
      "properties": {
        "id": "d2d8cd1a-c4e3-4847-bfa7-265274b59c53",
        "info_type": "warn",
        "icon": "icon_warn3.png",
        "name": "道路閉塞(家屋倒壊)",
        "description": "家屋倒壊が発生",
        "range": 20,
        "start": "2024/12/01 23:24",
        "stop": "2025/03/01 23:24",
        "message1": "【通行注意】家屋倒壊のエリアに近づいています！注意してください！",
        "message2": "【通行注意】家屋倒壊のエリアに入りました！危険です！ただちにエリアから離れてください！",
        "risk_type": 4,
        "intensity": 1,
        "group": "下関市車いす防災まち歩き"
      },
      "geometry": {
        "type": "Point",
        "coordinates": [
          131.00172383551833,
          34.13065096931735
        ]
      }
    },
    {
      "type": "Feature",
      "properties": {
        "id": "2a8ee7b8-daf8-4574-9034-ce7a7e1bca40",
        "info_type": "warn",
        "icon": "icon_warn1.png",
        "name": "浸水テスト",
        "description": "浸水発生",
        "range": 30,
        "start": "2024/12/04 20:28",
        "stop": "2025/03/04 20:28",
        "message1": "【通行注意】近くで浸水しています！注意してください！",
        "message2": "【通行注意】浸水のエリアに入りました！ただちに，安全なエリアに移動してください！",
        "risk_type": 1,
        "water_level": "1",
        "group": "下関市車いす防災まち歩き"
      },
      "geometry": {
        "type": "Point",
        "coordinates": [
          131.24354542513032,
          33.948597331150076
        ]
      }
    },
    {
      "type": "Feature",
      "properties": {
        "id": "8f93bca9-0341-4b5e-aa64-b387755edb0e",
        "info_type": "warn",
        "icon": "icon_warn2.png",
        "name": "土砂崩れ",
        "description": "土砂崩れが発生",
        "range": 50,
        "start": "2024/12/11 22:33",
        "stop": "2025/03/11 22:33",
        "message1": "【通行禁止】土砂崩れが発生しているエリアに近づいています！通行はできません！",
        "message2": "【通行禁止】土砂崩れが発生しているエリアに侵入しました！危険です！ただちにエリアから離れてください！",
        "risk_type": 2,
        "intensity": 1
      },
      "geometry": {
        "type": "Point",
        "coordinates": [
          131.03077800469867,
          34.12092170771923
        ]
      }
    },
    {
      "type": "Feature",
      "properties": {
        "id": "c2ac909d-31b3-48d5-a158-65aa0bfa6e2e",
        "info_type": "warn",
        "icon": "icon_warn0.png",
        "name": "火災",
        "description": "火災発生",
        "range": 50,
        "start": "2019/11/01 00:00",
        "stop": "2032/11/07 23:00",
        "message1": "【通行禁止】近くで火事がおきています！注意してください！",
        "message2": "【通行禁止】火事のエリアに入りました！ただちに，安全なエリアに移動してください！",
        "risk_type": 0,
        "intensity": 2,
        "group": "なかもずキャンパス"
      },
      "geometry": {
        "type": "Point",
        "coordinates": [
          135.50420575358152,
          34.54453281495235
        ]
      }
    },
    {
      "type": "Feature",
      "properties": {
        "id": "ac8106f3-5417-4264-b565-3faf10d9bfe8",
        "info_type": "warn",
        "icon": "icon_warn0.png",
        "name": "火事だ！",
        "description": "火事が発生！",
        "range": 10,
        "start": "2023/09/12 10:00",
        "stop": "2025/10/05 10:00",
        "message1": "火がついてるよ！",
        "message2": "水消火器を使って火を消そう！",
        "risk_type": 0,
        "intensity": 1,
        "group": "豊中市もしもフェスタ2025"
      },
      "geometry": {
        "type": "Point",
        "coordinates": [
          135.4651564625583,
          34.73303548013476
        ]
      }
    },
    {
      "type": "Feature",
      "properties": {
        "id": "849acf12-361c-4906-8e3d-08e000d1a0ff",
        "info_type": "warn",
        "icon": "icon_warn3.png",
        "name": "地震だ！",
        "description": "地震に注意！",
        "range": 10,
        "start": "2023/09/12 10:00",
        "stop": "2025/10/05 10:00",
        "message1": "大きな揺れに注意！",
        "message2": "建物が倒れたりするよ！",
        "risk_type": 4,
        "intensity": 1,
        "group": "豊中市もしもフェスタ2025"
      },
      "geometry": {
        "type": "Point",
        "coordinates": [
          135.46500782380932,
          34.73316788813351
        ]
      }
    },
    {
      "type": "Feature",
      "properties": {
        "id": "4c3e773b-639d-42b9-82c0-b99e4ef0694a",
        "info_type": "warn",
        "icon": "icon_warn1.png",
        "name": "水害だ！",
        "description": "浸水高さを確認しよう。",
        "range": 10,
        "start": "2023/09/12 10:00",
        "stop": "2025/10/05 10:00",
        "message1": "大雨が降ってきた！",
        "message2": "川が溢れそう！",
        "risk_type": 1,
        "water_level": "1",
        "group": "豊中市もしもフェスタ2025"
      },
      "geometry": {
        "type": "Point",
        "coordinates": [
          135.46485519993726,
          34.733036047362546
        ]
      }
    },
    {
      "type": "Feature",
      "properties": {
        "id": "0a352274-08f1-4e96-9fde-a5180c12d977",
        "info_type": "warn",
        "icon": "icon_warn3.png",
        "name": "ブロック塀",
        "description": "ブロック塀が倒れているよ！",
        "range": 7,
        "start": "2024/10/04 09:13",
        "stop": "2025/01/04 09:13",
        "message1": "じしんのときはかべがたおれてくるよ！きをつけて！",
        "message2": "きをつけてとおろう！",
        "risk_type": 5,
        "wall_count": 3,
        "group": "豊中市もしもフェスタ2025"
      },
      "geometry": {
        "type": "Point",
        "coordinates": [
          135.46441987635822,
          34.733185171099976
        ]
      }
    },
    {
      "type": "Feature",
      "properties": {
        "id": "d53c9a10-309c-45f4-b65c-a0d0673b2e1b",
        "info_type": "warn",
        "icon": "icon_warn0.png",
        "name": "道路閉塞(液状化)",
        "description": "ちかくのマンホールをさがそう！",
        "range": 5,
        "start": "2024/10/04 09:17",
        "stop": "2025/10/05 10:17",
        "message1": "マンホールがういてきているよ！",
        "message2": "マンホールがういているよ\n",
        "risk_type": 8,
        "lique_mode": 2,
        "group": "豊中市もしもフェスタ2025"
      },
      "geometry": {
        "type": "Point",
        "coordinates": [
          135.4644403355452,
          34.73303798872697
        ]
      }
    },
    {
      "type": "Feature",
      "properties": {
        "id": "bb61eb23-403d-4584-bf53-6d3214228174",
        "info_type": "warn",
        "icon": "icon_warn3.png",
        "name": "地震だ！",
        "description": "家屋倒壊に注意！",
        "range": 10,
        "start": "2025/10/20 09:28",
        "stop": "2026/01/20 09:28",
        "message1": "大きな揺れに注意！",
        "message2": "建物が倒れたりするよ！",
        "risk_type": 4,
        "intensity": 1,
        "group": "豊中市庄内さくら学園授業"
      },
      "geometry": {
        "type": "Point",
        "coordinates": [
          135.47024759131997,
          34.74675372247525
        ]
      }
    },
    {
      "type": "Feature",
      "properties": {
        "id": "fff2030e-10e0-411e-88d4-943c9aabaae0",
        "info_type": "warn",
        "icon": "icon_warn0.png",
        "name": "火事だ！",
        "description": "火事が発生！",
        "range": 10,
        "start": "2025/10/20 10:00",
        "stop": "2026/01/05 10:00",
        "message1": "火がついてるよ！",
        "message2": "危ないから避難しよう！",
        "risk_type": 0,
        "intensity": 1,
        "group": "豊中市庄内さくら学園授業"
      },
      "geometry": {
        "type": "Point",
        "coordinates": [
          135.46986587500612,
          34.74622839803171
        ]
      }
    },
    {
      "type": "Feature",
      "properties": {
        "id": "fbdec5ce-935b-42cc-88bc-47c200afbe81",
        "info_type": "warn",
        "icon": "icon_warn1.png",
        "name": "水害だ！",
        "description": "浸水高さを確認しよう。",
        "range": 10,
        "start": "2025/10/20 10:00",
        "stop": "2026/01/05 10:00",
        "message1": "大雨が降ってきた！",
        "message2": "川が溢れそう！",
        "risk_type": 1,
        "water_level": "1",
        "group": "豊中市庄内さくら学園授業"
      },
      "geometry": {
        "type": "Point",
        "coordinates": [
          135.47013010334783,
          34.746297444268926
        ]
      }
    },
    {
      "type": "Feature",
      "properties": {
        "id": "b6afaf17-2099-41d9-a5d4-18a631dfa37a",
        "info_type": "warn",
        "icon": "icon_warn2.png",
        "name": "どしゃくずれ！",
        "description": "どしゃくずれ",
        "range": 30,
        "start": "2017/02/20 21:35",
        "stop": "2030/11/07 23:00",
        "message1": "地震でどしゃくずれが発生してるよ！",
        "message2": "落石に気をつけて！",
        "risk_type": 2,
        "intensity": 1,
        "group": "大阪狭山防災レンジャー"
      },
      "geometry": {
        "type": "Point",
        "coordinates": [
          135.5530822277069,
          34.50736116871926
        ]
      }
    },
    {
      "type": "Feature",
      "properties": {
        "id": "100190e7-e72f-4963-aaac-c950de513576",
        "info_type": "warn",
        "icon": "icon_warn0.png",
        "name": "えきじょうか！",
        "description": "昔の地図を表示してみよう！",
        "range": 20,
        "start": "2017/01/05 09:50",
        "stop": "2032/11/07 23:00",
        "message1": "じめんから水がふきでているよ！",
        "message2": "昔の地図を表示してみよう！",
        "risk_type": 8,
        "lique_mode": 2,
        "group": "大阪狭山防災レンジャー"
      },
      "geometry": {
        "type": "Point",
        "coordinates": [
          135.5511349439621,
          34.50908959248533
        ]
      }
    },
    {
      "type": "Feature",
      "properties": {
        "id": "00b2fcc2-96a9-42ee-ad3b-ab42c12915b1",
        "info_type": "warn",
        "icon": "icon_warn0.png",
        "name": "かじだ！",
        "description": "火事が発生！",
        "range": 20,
        "start": "2023/09/12 10:00",
        "stop": "2034/09/12 10:00",
        "message1": "火がついてるよ！",
        "message2": "防災レンジャーをさがしてみよう！",
        "risk_type": 0,
        "intensity": 1,
        "group": "大阪狭山防災レンジャー"
      },
      "geometry": {
        "type": "Point",
        "coordinates": [
          135.55399954319,
          34.50502265597999
        ]
      }
    },
    {
      "type": "Feature",
      "properties": {
        "id": "d7b0523e-2491-4257-9a5e-e9589cb3873c",
        "info_type": "warn",
        "icon": "icon_warn3.png",
        "name": "いえがくずれているよ",
        "description": "いえがくずれているよ",
        "range": 20,
        "start": "2017/02/20 21:35",
        "stop": "2032/11/07 23:00",
        "message1": "おおきなじしんがおこったよ！",
        "message2": "いえがくずれているよ！きをつけて",
        "risk_type": 4,
        "intensity": 1,
        "group": "大阪狭山防災レンジャー"
      },
      "geometry": {
        "type": "Point",
        "coordinates": [
          135.5546271800995,
          34.50507570425527
        ]
      }
    },
    {
      "type": "Feature",
      "properties": {
        "id": "dce04fbb-9199-48b0-9ecf-614b8a20722a",
        "info_type": "warn",
        "icon": "icon_warn3.png",
        "name": "ぶろっくべい",
        "description": "ぶろっくべいにきをつけて",
        "range": 20,
        "start": "2017/02/20 21:35",
        "stop": "2032/11/07 23:00",
        "message1": "おおきなじしんがおこったよ！",
        "message2": "防災レンジャーがいるかな？",
        "risk_type": 5,
        "wall_count": 3,
        "group": "大阪狭山防災レンジャー"
      },
      "geometry": {
        "type": "Point",
        "coordinates": [
          135.55576980113983,
          34.504704365619354
        ]
      }
    },
    {
      "type": "Feature",
      "properties": {
        "id": "c165089a-f9c1-4f11-b66a-6623aaa60b47",
        "info_type": "warn",
        "icon": "icon_warn3.png",
        "name": "ぶろっくべい",
        "description": "ぶろっくべいにきをつけて",
        "range": 15,
        "start": "2017/02/20 21:35",
        "stop": "2032/11/07 23:00",
        "message1": "おおきなじしんがおこったよ！",
        "message2": "ぶろっくべいにきをつけて",
        "risk_type": 5,
        "wall_count": 3,
        "group": "大阪狭山防災レンジャー"
      },
      "geometry": {
        "type": "Point",
        "coordinates": [
          135.55484175682068,
          34.50485024885218
        ]
      }
    },
    {
      "type": "Feature",
      "properties": {
        "id": "318064b0-9ba2-4d01-b14d-178248d29b90",
        "info_type": "warn",
        "icon": "icon_warn1.png",
        "name": "こたえあわせ",
        "description": "こたえあわせ",
        "range": 1,
        "start": "2024/03/30 11:00",
        "stop": "2032/11/07 23:00",
        "message1": "防災レンジャーをさがそう",
        "message2": "防災レンジャーをさがそう",
        "risk_type": 1,
        "water_level": "1",
        "group": "大阪狭山防災レンジャー"
      },
      "geometry": {
        "type": "Point",
        "coordinates": [
          135.55090427398682,
          34.50775017770563
        ]
      }
    },
    {
      "type": "Feature",
      "properties": {
        "id": "7185729d-7d7f-49f1-92c8-b0b3cd63eda8",
        "info_type": "warn",
        "icon": "icon_warn1.png",
        "name": "浸水",
        "description": "",
        "range": 20,
        "start": "2019/11/01 00:00",
        "stop": "2032/11/07 23:00",
        "message1": "【通行注意】近くで浸水しています！注意してください！",
        "message2": "【通行注意】浸水のエリアに入りました！ただちに，安全なエリアに移動してください！",
        "risk_type": 1,
        "water_level": "1",
        "group": "大阪狭山防災レンジャー"
      },
      "geometry": {
        "type": "Point",
        "coordinates": [
          135.55148899555206,
          34.50811266171777
        ]
      }
    },
    {
      "type": "Feature",
      "properties": {
        "id": "2a7dc030-0a11-4fa5-95dd-cdf9010b1087",
        "info_type": "warn",
        "icon": "icon_warn1.png",
        "name": "水害！",
        "description": "淀川の水位が高くなってきた！",
        "range": 15,
        "start": "2025/11/12 12:00",
        "stop": "2030/11/12 12:00",
        "message1": "大雨が降ってきた！",
        "message2": "川があふれてる！高いところに避難しよう！",
        "risk_type": 1,
        "water_level": "1",
        "group": "門真みらい小学校"
      },
      "geometry": {
        "type": "Point",
        "coordinates": [
          135.58786869554328,
          34.74601481201111
        ]
      }
    },
    {
      "type": "Feature",
      "properties": {
        "id": "81d95eaa-4037-49b2-a8a9-906a56ce14c7",
        "info_type": "warn",
        "icon": "icon_warn3.png",
        "name": "地震だ！",
        "description": "地震に注意！",
        "range": 15,
        "start": "2025/11/12 12:00",
        "stop": "2030/11/12 12:00",
        "message1": "大きな揺れに注意！",
        "message2": "建物が倒れそう！建物から離れよう！",
        "risk_type": 4,
        "intensity": 1,
        "group": "門真みらい小学校"
      },
      "geometry": {
        "type": "Point",
        "coordinates": [
          135.58757441453716,
          34.74624905988101
        ]
      }
    },
    {
      "type": "Feature",
      "properties": {
        "id": "37a089bb-b6ec-468e-b496-9b1896750a5d",
        "info_type": "warn",
        "icon": "icon_warn0.png",
        "name": "火事だ！",
        "description": "火災が発生！",
        "range": 15,
        "start": "2025/11/12 12:00",
        "stop": "2030/11/12 12:00",
        "message1": "火がついてるよ！",
        "message2": "消火器を使って火を消そう！",
        "risk_type": 0,
        "intensity": 1,
        "group": "門真みらい小学校"
      },
      "geometry": {
        "type": "Point",
        "coordinates": [
          135.58746570011434,
          34.745567185924806
        ]
      }
    },
    {
      "type": "Feature",
      "properties": {
        "id": "6e7bf083-bcf8-47ea-8aa2-1d2ba4107009",
        "info_type": "warn",
        "icon": "icon_warn0.png",
        "name": "火災",
        "description": "火災発生",
        "range": 20,
        "start": "2026/01/14 20:11",
        "stop": "2026/04/14 20:11",
        "message1": "【通行禁止】近くで火事がおきています！注意してください！",
        "message2": "【通行禁止】火事のエリアに入りました！ただちに，安全なエリアに移動してください！",
        "risk_type": 0,
        "intensity": 1,
        "group": "横路小学校区AR防災まち歩き"
      },
      "geometry": {
        "type": "Point",
        "coordinates": [
          132.61416204062672,
          34.24270828963961
        ]
      }
    },
    {
      "type": "Feature",
      "properties": {
        "id": "32305828-1b0a-4e95-b61f-80428e76ae24",
        "info_type": "warn",
        "icon": "icon_warn1.png",
        "name": "浸水",
        "description": "浸水発生",
        "range": 25,
        "start": "2026/01/14 20:13",
        "stop": "2026/04/14 20:13",
        "message1": "【通行注意】近くで浸水しています！注意してください！",
        "message2": "【通行注意】浸水のエリアに入りました！ただちに，安全なエリアに移動してください！",
        "risk_type": 1,
        "water_level": "1",
        "group": "横路小学校区AR防災まち歩き"
      },
      "geometry": {
        "type": "Point",
        "coordinates": [
          132.61642627842346,
          34.24323137483473
        ]
      }
    },
    {
      "type": "Feature",
      "properties": {
        "id": "c7443b0c-2583-47d4-9336-6967caf516d3",
        "info_type": "warn",
        "icon": "icon_warn3.png",
        "name": "道路閉塞(家屋倒壊)",
        "description": "家屋倒壊が発生",
        "range": 10,
        "start": "2026/01/14 20:21",
        "stop": "2026/04/14 20:21",
        "message1": "【通行注意】家屋倒壊のエリアに近づいています！注意してください！",
        "message2": "【通行注意】家屋倒壊のエリアに入りました！危険です！ただちにエリアから離れてください！",
        "risk_type": 4,
        "intensity": 1,
        "group": "横路小学校区AR防災まち歩き"
      },
      "geometry": {
        "type": "Point",
        "coordinates": [
          132.61176295811674,
          34.24339702985601
        ]
      }
    },
    {
      "type": "Feature",
      "properties": {
        "id": "81a1bba6-2c93-41ce-961f-e0e4753ca123",
        "info_type": "warn",
        "icon": "icon_warn3.png",
        "name": "道路閉塞(家屋倒壊)",
        "description": "家屋倒壊が発生",
        "range": 20,
        "start": "2026/01/14 20:40",
        "stop": "2026/04/14 20:40",
        "message1": "【通行注意】家屋倒壊のエリアに近づいています！注意してください！",
        "message2": "【通行注意】家屋倒壊のエリアに入りました！危険です！ただちにエリアから離れてください！",
        "risk_type": 4,
        "intensity": 1,
        "group": "横路小学校区AR防災まち歩き"
      },
      "geometry": {
        "type": "Point",
        "coordinates": [
          132.61546278582466,
          34.24296189712801
        ]
      }
    }
  ]
}